Step,Agent_ID,Yard
1,0,20
1,1,87
1,2,41
2,0,35
2,1,45
2,2,102
3,0,50
3,1,10
3,2,30
4,0,36
4,1,91
4,2,20
5,0,17
5,1,10
5,2,0
6,0,98
6,1,89
6,2,8
7,0,24
7,1,78
7,2,53
8,0,97
8,1,58
8,2,59
9,0,50
9,1,101
9,2,43
10,0,33
10,1,21
10,2,56
11,0,65
11,1,67
11,2,32
12,0,86
12,1,72
12,2,29
13,0,85
13,1,36
13,2,94
14,0,91
14,1,50
14,2,1
15,0,29
15,1,2
15,2,47
16,0,26
16,1,1
16,2,51
17,0,90
17,1,86
17,2,38
18,0,54
18,1,99
18,2,42
19,0,49
19,1,80
19,2,15
20,0,12
20,1,76
20,2,72
21,0,7
21,1,39
21,2,68
22,0,90
22,1,34
22,2,78
23,0,23
23,1,14
23,2,0
24,0,6
24,1,7
24,2,92
25,0,49
25,1,55
25,2,29
26,0,2
26,1,15
26,2,0
27,0,22
27,1,25
27,2,17
28,0,56
28,1,74
28,2,85
29,0,14
29,1,98
29,2,50
30,0,29
30,1,24
30,2,19
31,0,100
31,1,42
31,2,6
32,0,58
32,1,81
32,2,56
33,0,58
33,1,99
33,2,102
34,0,63
34,1,57
34,2,61
35,0,74
35,1,34
35,2,60
36,0,79
36,1,42
36,2,53
37,0,53
37,1,72
37,2,84
38,0,0
38,1,84
38,2,2
39,0,76
39,1,35
39,2,86
40,0,73
40,1,66
40,2,89
41,0,1
41,1,9
41,2,60
42,0,24
42,1,80
42,2,69
43,0,79
43,1,16
43,2,58
44,0,86
44,1,8
44,2,9
45,0,33
45,1,94
45,2,86
46,0,17
46,1,95
46,2,69
47,0,95
47,1,41
47,2,56
48,0,58
48,1,18
48,2,45
49,0,30
49,1,67
49,2,3
50,0,60
50,1,16
50,2,15
51,0,64
51,1,43
51,2,38
52,0,24
52,1,79
52,2,23
53,0,11
53,1,22
53,2,85
54,0,21
54,1,1
54,2,44
55,0,50
55,1,79
55,2,82
56,0,39
56,1,21
56,2,92
57,0,35
57,1,4
57,2,3
58,0,22
58,1,57
58,2,51
59,0,66
59,1,6
59,2,61
60,0,31
60,1,19
60,2,28
61,0,59
61,1,34
61,2,84
62,0,31
62,1,16
62,2,33
63,0,40
63,1,64
63,2,15
64,0,37
64,1,82
64,2,17
65,0,97
65,1,7
65,2,9
66,0,47
66,1,13
66,2,22
67,0,7
67,1,46
67,2,93
68,0,8
68,1,81
68,2,28
69,0,20
69,1,27
69,2,79
70,0,25
70,1,56
70,2,66
71,0,19
71,1,70
71,2,55
72,0,16
72,1,65
72,2,88
73,0,17
73,1,38
73,2,57
74,0,34
74,1,82
74,2,47
75,0,36
75,1,50
75,2,38
76,0,20
76,1,10
76,2,32
77,0,62
77,1,59
77,2,48
78,0,66
78,1,49
78,2,33
79,0,55
79,1,38
79,2,35
80,0,98
80,1,4
80,2,20
81,0,52
81,1,97
81,2,65
82,0,84
82,1,86
82,2,9
83,0,67
83,1,18
83,2,16
84,0,27
84,1,41
84,2,41
85,0,33
85,1,46
85,2,12
86,0,97
86,1,29
86,2,0
87,0,81
87,1,92
87,2,22
88,0,75
88,1,49
88,2,37
89,0,28
89,1,11
89,2,98
90,0,41
90,1,68
90,2,35
91,0,41
91,1,53
91,2,77
92,0,21
92,1,47
92,2,62
93,0,72
93,1,69
93,2,33
94,0,91
94,1,79
94,2,35
95,0,13
95,1,62
95,2,42
96,0,45
96,1,11
96,2,4
97,0,73
97,1,100
97,2,44
98,0,70
98,1,28
98,2,55
99,0,84
99,1,96
99,2,80
100,0,71
100,1,30
100,2,21
101,0,15
101,1,66
101,2,47
102,0,71
102,1,89
102,2,39
103,0,63
103,1,25
103,2,67
104,0,75
104,1,28
104,2,94
105,0,71
105,1,57
105,2,55
106,0,21
106,1,41
106,2,40
107,0,44
107,1,9
107,2,28
108,0,19
108,1,4
108,2,24
109,0,42
109,1,60
109,2,64
110,0,89
110,1,61
110,2,35
111,0,71
111,1,51
111,2,88
112,0,73
112,1,81
112,2,31
113,0,63
113,1,39
113,2,11
114,0,81
114,1,54
114,2,65
115,0,27
115,1,47
115,2,64
116,0,67
116,1,44
116,2,96
117,0,71
117,1,82
117,2,9
118,0,19
118,1,35
118,2,17
119,0,86
119,1,82
119,2,76
120,0,29
120,1,98
120,2,76
121,0,68
121,1,72
121,2,34
122,0,37
122,1,31
122,2,50
123,0,77
123,1,30
123,2,83
124,0,39
124,1,34
124,2,33
125,0,60
125,1,1
125,2,23
126,0,60
126,1,12
126,2,31
127,0,65
127,1,47
127,2,35
128,0,10
128,1,99
128,2,60
129,0,10
129,1,4
129,2,46
130,0,9
130,1,7
130,2,14
131,0,25
131,1,20
131,2,82
132,0,31
132,1,10
132,2,87
133,0,42
133,1,82
133,2,79
134,0,71
134,1,85
134,2,44
135,0,38
135,1,68
135,2,56
136,0,80
136,1,18
136,2,89
137,0,78
137,1,80
137,2,17
138,0,19
138,1,65
138,2,38
139,0,75
139,1,82
139,2,70
140,0,56
140,1,18
140,2,2
141,0,66
141,1,28
141,2,22
142,0,98
142,1,56
142,2,20
143,0,53
143,1,89
143,2,52
144,0,65
144,1,8
144,2,90
145,0,45
145,1,7
145,2,39
146,0,86
146,1,79
146,2,72
147,0,60
147,1,49
147,2,46
148,0,39
148,1,75
148,2,42
149,0,84
149,1,10
149,2,100
150,0,99
150,1,2
150,2,6
151,0,96
151,1,22
151,2,48
152,0,7
152,1,77
152,2,67
153,0,12
153,1,35
153,2,88
154,0,100
154,1,24
154,2,102
155,0,58
155,1,14
155,2,16
156,0,6
156,1,94
156,2,78
157,0,47
157,1,22
157,2,11
158,0,13
158,1,58
158,2,93
159,0,17
159,1,37
159,2,30
160,0,53
160,1,93
160,2,49
161,0,88
161,1,3
161,2,27
162,0,97
162,1,19
162,2,19
163,0,8
163,1,2
163,2,19
164,0,50
164,1,34
164,2,68
165,0,45
165,1,7
165,2,48
166,0,36
166,1,75
166,2,87
167,0,40
167,1,5
167,2,101
168,0,79
168,1,31
168,2,13
169,0,7
169,1,2
169,2,34
170,0,23
170,1,68
170,2,67
171,0,27
171,1,55
171,2,16
172,0,78
172,1,90
172,2,78
173,0,31
173,1,34
173,2,14
174,0,59
174,1,28
174,2,79
175,0,35
175,1,50
175,2,28
176,0,58
176,1,60
176,2,90
177,0,67
177,1,76
177,2,46
178,0,31
178,1,88
178,2,99
179,0,12
179,1,57
179,2,38
180,0,23
180,1,62
180,2,86
181,0,17
181,1,15
181,2,30
182,0,34
182,1,78
182,2,76
183,0,21
183,1,33
183,2,0
184,0,98
184,1,23
184,2,100
185,0,48
185,1,99
185,2,91
186,0,63
186,1,92
186,2,47
187,0,59
187,1,11
187,2,60
188,0,85
188,1,67
188,2,39
189,0,97
189,1,69
189,2,22
190,0,43
190,1,85
190,2,76
191,0,85
191,1,66
191,2,70
192,0,44
192,1,17
192,2,87
193,0,100
193,1,14
193,2,63
194,0,66
194,1,20
194,2,53
195,0,84
195,1,76
195,2,99
196,0,60
196,1,82
196,2,69
197,0,36
197,1,69
197,2,35
198,0,34
198,1,66
198,2,40
199,0,19
199,1,49
199,2,33
200,0,17
200,1,33
200,2,50
201,0,80
201,1,74
201,2,12
202,0,100
202,1,22
202,2,89
203,0,19
203,1,42
203,2,83
204,0,16
204,1,22
204,2,88
205,0,98
205,1,46
205,2,56
206,0,13
206,1,48
206,2,89
207,0,90
207,1,66
207,2,83
208,0,48
208,1,71
208,2,13
209,0,89
209,1,101
209,2,11
210,0,0
210,1,69
210,2,58
211,0,58
211,1,58
211,2,83
212,0,15
212,1,15
212,2,27
213,0,37
213,1,66
213,2,20
214,0,13
214,1,79
214,2,102
215,0,7
215,1,59
215,2,46
216,0,35
216,1,4
216,2,27
217,0,46
217,1,15
217,2,93
218,0,80
218,1,14
218,2,16
219,0,80
219,1,47
219,2,93
220,0,81
220,1,6
220,2,87
221,0,98
221,1,35
221,2,33
222,0,92
222,1,62
222,2,99
223,0,84
223,1,26
223,2,87
224,0,102
224,1,27
224,2,34
225,0,0
225,1,56
225,2,64
226,0,66
226,1,43
226,2,15
227,0,23
227,1,28
227,2,33
228,0,59
228,1,50
228,2,65
229,0,10
229,1,91
229,2,89
230,0,25
230,1,15
230,2,58
231,0,70
231,1,62
231,2,60
232,0,41
232,1,20
232,2,1
233,0,48
233,1,40
233,2,98
234,0,99
234,1,5
234,2,35
235,0,95
235,1,41
235,2,17
236,0,48
236,1,79
236,2,65
237,0,35
237,1,13
237,2,63
238,0,12
238,1,23
238,2,80
239,0,99
239,1,65
239,2,84
240,0,32
240,1,56
240,2,99
241,0,14
241,1,60
241,2,64
242,0,5
242,1,95
242,2,34
243,0,16
243,1,26
243,2,73
244,0,38
244,1,16
244,2,97
245,0,24
245,1,74
245,2,18
246,0,72
246,1,64
246,2,102
247,0,21
247,1,32
247,2,76
248,0,97
248,1,3
248,2,83
249,0,22
249,1,35
249,2,79
250,0,69
250,1,10
250,2,46
251,0,1
251,1,79
251,2,93
252,0,94
252,1,30
252,2,94
253,0,89
253,1,76
253,2,91
254,0,9
254,1,79
254,2,100
255,0,3
255,1,25
255,2,75
256,0,85
256,1,61
256,2,60
257,0,55
257,1,2
257,2,26
258,0,27
258,1,80
258,2,87
259,0,25
259,1,48
259,2,21
260,0,43
260,1,37
260,2,43
261,0,75
261,1,68
261,2,4
262,0,9
262,1,96
262,2,99
263,0,80
263,1,91
263,2,93
264,0,16
264,1,67
264,2,100
265,0,15
265,1,55
265,2,38
266,0,32
266,1,88
266,2,64
267,0,43
267,1,15
267,2,58
268,0,95
268,1,66
268,2,61
269,0,0
269,1,23
269,2,102
270,0,14
270,1,42
270,2,18
271,0,34
271,1,48
271,2,101
272,0,11
272,1,56
272,2,55
273,0,45
273,1,39
273,2,70
274,0,30
274,1,0
274,2,67
275,0,17
275,1,96
275,2,90
276,0,42
276,1,12
276,2,78
277,0,87
277,1,34
277,2,54
278,0,15
278,1,21
278,2,50
279,0,66
279,1,36
279,2,12
280,0,84
280,1,44
280,2,21
281,0,47
281,1,45
281,2,27
282,0,31
282,1,16
282,2,7
283,0,3
283,1,20
283,2,29
284,0,88
284,1,15
284,2,26
285,0,27
285,1,97
285,2,20
286,0,3
286,1,0
286,2,46
287,0,13
287,1,18
287,2,18
288,0,77
288,1,83
288,2,83
289,0,55
289,1,27
289,2,3
290,0,74
290,1,94
290,2,78
291,0,56
291,1,79
291,2,77
292,0,68
292,1,84
292,2,83
293,0,100
293,1,101
293,2,57
294,0,38
294,1,57
294,2,0
295,0,91
295,1,23
295,2,44
296,0,68
296,1,52
296,2,24
297,0,74
297,1,37
297,2,32
298,0,27
298,1,71
298,2,30
299,0,73
299,1,86
299,2,37
300,0,35
300,1,99
300,2,93
301,0,24
301,1,25
301,2,63
302,0,7
302,1,40
302,2,6
303,0,21
303,1,15
303,2,53
304,0,87
304,1,23
304,2,80
305,0,51
305,1,93
305,2,66
306,0,65
306,1,10
306,2,82
307,0,92
307,1,82
307,2,70
308,0,58
308,1,75
308,2,52
309,0,4
309,1,17
309,2,74
310,0,62
310,1,89
310,2,24
311,0,64
311,1,81
311,2,82
312,0,71
312,1,32
312,2,2
313,0,25
313,1,54
313,2,1
314,0,60
314,1,33
314,2,48
315,0,9
315,1,79
315,2,42
316,0,92
316,1,79
316,2,49
317,0,53
317,1,88
317,2,20
318,0,82
318,1,86
318,2,90
319,0,21
319,1,51
319,2,4
320,0,0
320,1,7
320,2,98
321,0,44
321,1,34
321,2,98
322,0,88
322,1,37
322,2,72
323,0,21
323,1,96
323,2,73
324,0,46
324,1,18
324,2,6
325,0,42
325,1,10
325,2,15
326,0,65
326,1,3
326,2,31
327,0,19
327,1,25
327,2,23
328,0,16
328,1,26
328,2,99
329,0,42
329,1,66
329,2,58
330,0,81
330,1,72
330,2,78
331,0,3
331,1,67
331,2,53
332,0,44
332,1,12
332,2,83
333,0,32
333,1,33
333,2,66
334,0,38
334,1,89
334,2,38
335,0,80
335,1,83
335,2,102
336,0,68
336,1,2
336,2,96
337,0,28
337,1,101
337,2,93
338,0,101
338,1,40
338,2,59
339,0,9
339,1,44
339,2,30
340,0,86
340,1,29
340,2,93
341,0,50
341,1,61
341,2,74
342,0,92
342,1,86
342,2,48
343,0,4
343,1,67
343,2,62
344,0,91
344,1,5
344,2,29
345,0,35
345,1,18
345,2,41
346,0,32
346,1,30
346,2,8
347,0,29
347,1,14
347,2,54
348,0,87
348,1,78
348,2,101
349,0,55
349,1,33
349,2,31
350,0,40
350,1,52
350,2,48
351,0,23
351,1,34
351,2,69
352,0,10
352,1,73
352,2,17
353,0,78
353,1,39
353,2,54
354,0,71
354,1,2
354,2,13
355,0,7
355,1,64
355,2,40
356,0,53
356,1,14
356,2,59
357,0,97
357,1,44
357,2,94
358,0,64
358,1,33
358,2,65
359,0,100
359,1,84
359,2,92
360,0,62
360,1,55
360,2,34
361,0,83
361,1,10
361,2,63
362,0,20
362,1,38
362,2,17
363,0,92
363,1,87
363,2,29
364,0,0
364,1,8
364,2,83
365,0,7
365,1,71
365,2,13
366,0,37
366,1,20
366,2,39
367,0,93
367,1,18
367,2,62
368,0,59
368,1,38
368,2,51
369,0,80
369,1,4
369,2,43
370,0,61
370,1,48
370,2,75
371,0,94
371,1,52
371,2,51
372,0,95
372,1,17
372,2,98
373,0,65
373,1,47
373,2,37
374,0,62
374,1,75
374,2,15
375,0,32
375,1,62
375,2,96
376,0,99
376,1,52
376,2,26
377,0,71
377,1,97
377,2,41
378,0,32
378,1,79
378,2,86
379,0,84
379,1,42
379,2,30
380,0,73
380,1,53
380,2,0
381,0,65
381,1,22
381,2,99
382,0,46
382,1,44
382,2,11
383,0,54
383,1,60
383,2,65
384,0,61
384,1,74
384,2,26
385,0,42
385,1,1
385,2,44
386,0,37
386,1,83
386,2,79
387,0,7
387,1,26
387,2,9
388,0,36
388,1,22
388,2,20
389,0,37
389,1,61
389,2,66
390,0,101
390,1,86
390,2,21
391,0,25
391,1,51
391,2,71
392,0,90
392,1,3
392,2,94
393,0,41
393,1,47
393,2,73
394,0,46
394,1,75
394,2,36
395,0,17
395,1,69
395,2,27
396,0,98
396,1,19
396,2,8
397,0,29
397,1,48
397,2,16
398,0,100
398,1,90
398,2,14
399,0,102
399,1,30
399,2,66
400,0,21
400,1,53
400,2,41
401,0,66
401,1,49
401,2,55
402,0,89
402,1,53
402,2,17
403,0,23
403,1,78
403,2,76
404,0,33
404,1,47
404,2,73
405,0,70
405,1,59
405,2,17
406,0,62
406,1,81
406,2,84
407,0,77
407,1,53
407,2,50
408,0,92
408,1,40
408,2,43
409,0,41
409,1,68
409,2,95
410,0,51
410,1,60
410,2,100
411,0,81
411,1,88
411,2,91
412,0,35
412,1,8
412,2,90
413,0,70
413,1,85
413,2,45
414,0,63
414,1,79
414,2,15
415,0,49
415,1,80
415,2,100
416,0,0
416,1,82
416,2,83
417,0,94
417,1,29
417,2,57
418,0,22
418,1,71
418,2,96
419,0,12
419,1,83
419,2,99
420,0,77
420,1,29
420,2,58
421,0,80
421,1,85
421,2,51
422,0,18
422,1,102
422,2,8
423,0,33
423,1,25
423,2,71
424,0,81
424,1,3
424,2,9
425,0,12
425,1,54
425,2,46
426,0,67
426,1,26
426,2,8
427,0,10
427,1,37
427,2,63
428,0,29
428,1,19
428,2,64
429,0,22
429,1,21
429,2,46
430,0,13
430,1,41
430,2,76
431,0,1
431,1,42
431,2,83
432,0,21
432,1,43
432,2,12
433,0,18
433,1,100
433,2,61
434,0,31
434,1,53
434,2,62
435,0,84
435,1,59
435,2,42
436,0,43
436,1,39
436,2,40
437,0,55
437,1,52
437,2,53
438,0,45
438,1,75
438,2,11
439,0,84
439,1,73
439,2,32
440,0,60
440,1,36
440,2,58
441,0,49
441,1,9
441,2,29
442,0,26
442,1,17
442,2,71
443,0,85
443,1,23
443,2,70
444,0,97
444,1,28
444,2,97
445,0,3
445,1,40
445,2,68
446,0,19
446,1,71
446,2,1
447,0,60
447,1,40
447,2,48
448,0,52
448,1,61
448,2,86
449,0,38
449,1,32
449,2,26
450,0,53
450,1,79
450,2,56
451,0,22
451,1,85
451,2,36
452,0,81
452,1,78
452,2,34
453,0,64
453,1,43
453,2,25
454,0,50
454,1,73
454,2,68
455,0,99
455,1,62
455,2,86
456,0,47
456,1,69
456,2,49
457,0,48
457,1,34
457,2,34
458,0,9
458,1,7
458,2,75
459,0,88
459,1,67
459,2,70
460,0,17
460,1,69
460,2,20
461,0,69
461,1,93
461,2,94
462,0,43
462,1,4
462,2,78
463,0,89
463,1,44
463,2,74
464,0,4
464,1,16
464,2,37
465,0,53
465,1,26
465,2,8
466,0,6
466,1,30
466,2,32
467,0,11
467,1,44
467,2,40
468,0,97
468,1,80
468,2,74
469,0,53
469,1,87
469,2,37
470,0,22
470,1,98
470,2,67
471,0,46
471,1,5
471,2,42
472,0,91
472,1,52
472,2,72
473,0,77
473,1,70
473,2,32
474,0,14
474,1,2
474,2,75
475,0,35
475,1,0
475,2,7
476,0,26
476,1,31
476,2,39
477,0,96
477,1,8
477,2,9
478,0,60
478,1,36
478,2,62
479,0,70
479,1,48
479,2,67
480,0,32
480,1,32
480,2,68
481,0,33
481,1,100
481,2,2
482,0,27
482,1,81
482,2,62
483,0,94
483,1,10
483,2,6
484,0,33
484,1,8
484,2,96
485,0,12
485,1,0
485,2,59
486,0,72
486,1,44
486,2,83
487,0,15
487,1,83
487,2,62
488,0,77
488,1,24
488,2,9
489,0,70
489,1,9
489,2,51
490,0,96
490,1,49
490,2,79
491,0,89
491,1,90
491,2,62
492,0,9
492,1,34
492,2,93
493,0,65
493,1,66
493,2,39
494,0,16
494,1,36
494,2,47
495,0,84
495,1,74
495,2,30
496,0,35
496,1,94
496,2,94
497,0,102
497,1,74
497,2,41
498,0,63
498,1,71
498,2,85
499,0,67
499,1,59
499,2,3
500,0,74
500,1,71
500,2,31
501,0,64
501,1,80
501,2,56
502,0,3
502,1,96
502,2,17
503,0,57
503,1,92
503,2,48
504,0,17
504,1,43
504,2,46
505,0,98
505,1,32
505,2,92
506,0,102
506,1,31
506,2,30
507,0,62
507,1,90
507,2,35
508,0,57
508,1,48
508,2,69
509,0,32
509,1,10
509,2,55
510,0,90
510,1,7
510,2,55
511,0,79
511,1,23
511,2,94
512,0,25
512,1,85
512,2,98
513,0,97
513,1,76
513,2,7
514,0,87
514,1,14
514,2,86
515,0,48
515,1,73
515,2,51
516,0,9
516,1,64
516,2,19
517,0,17
517,1,72
517,2,14
518,0,36
518,1,1
518,2,49
519,0,82
519,1,41
519,2,78
520,0,2
520,1,65
520,2,16
521,0,44
521,1,31
521,2,50
522,0,76
522,1,12
522,2,52
523,0,20
523,1,20
523,2,52
524,0,91
524,1,51
524,2,98
525,0,20
525,1,94
525,2,48
526,0,76
526,1,11
526,2,94
527,0,50
527,1,81
527,2,53
528,0,47
528,1,2
528,2,43
529,0,53
529,1,50
529,2,88
530,0,42
530,1,76
530,2,83
531,0,11
531,1,32
531,2,6
532,0,98
532,1,6
532,2,98
533,0,24
533,1,47
533,2,40
534,0,14
534,1,29
534,2,91
535,0,97
535,1,90
535,2,16
536,0,50
536,1,99
536,2,86
537,0,4
537,1,23
537,2,31
538,0,90
538,1,79
538,2,60
539,0,91
539,1,44
539,2,2
540,0,16
540,1,42
540,2,95
541,0,68
541,1,79
541,2,59
542,0,62
542,1,44
542,2,79
543,0,50
543,1,44
543,2,79
544,0,99
544,1,90
544,2,56
545,0,58
545,1,60
545,2,45
546,0,38
546,1,57
546,2,79
547,0,30
547,1,48
547,2,72
548,0,8
548,1,14
548,2,16
549,0,17
549,1,63
549,2,89
550,0,78
550,1,3
550,2,75
551,0,60
551,1,2
551,2,19
552,0,53
552,1,52
552,2,65
553,0,13
553,1,32
553,2,60
554,0,9
554,1,100
554,2,30
555,0,52
555,1,91
555,2,92
556,0,53
556,1,37
556,2,82
557,0,99
557,1,7
557,2,66
558,0,24
558,1,31
558,2,45
559,0,58
559,1,102
559,2,62
560,0,50
560,1,9
560,2,82
561,0,100
561,1,79
561,2,24
562,0,9
562,1,3
562,2,29
563,0,36
563,1,97
563,2,98
564,0,71
564,1,82
564,2,81
565,0,101
565,1,95
565,2,70
566,0,48
566,1,71
566,2,52
567,0,98
567,1,78
567,2,6
568,0,85
568,1,101
568,2,66
569,0,20
569,1,25
569,2,84
570,0,82
570,1,87
570,2,79
571,0,96
571,1,16
571,2,97
572,0,27
572,1,102
572,2,99
573,0,72
573,1,11
573,2,61
574,0,55
574,1,1
574,2,21
575,0,78
575,1,100
575,2,66
576,0,97
576,1,17
576,2,80
577,0,56
577,1,38
577,2,24
578,0,90
578,1,52
578,2,70
579,0,26
579,1,25
579,2,2
580,0,15
580,1,68
580,2,48
581,0,6
581,1,54
581,2,95
582,0,32
582,1,35
582,2,80
583,0,56
583,1,6
583,2,53
584,0,43
584,1,96
584,2,18
585,0,39
585,1,2
585,2,66
586,0,2
586,1,84
586,2,42
587,0,80
587,1,34
587,2,45
588,0,64
588,1,81
588,2,92
589,0,92
589,1,101
589,2,100
590,0,35
590,1,88
590,2,96
591,0,4
591,1,61
591,2,7
592,0,28
592,1,1
592,2,20
593,0,13
593,1,101
593,2,18
594,0,15
594,1,16
594,2,7
595,0,46
595,1,18
595,2,27
596,0,5
596,1,74
596,2,24
597,0,28
597,1,85
597,2,6
598,0,13
598,1,32
598,2,23
599,0,4
599,1,35
599,2,40
600,0,28
600,1,7
600,2,3
601,0,68
601,1,7
601,2,102
602,0,28
602,1,90
602,2,35
603,0,46
603,1,65
603,2,28
604,0,90
604,1,28
604,2,47
605,0,59
605,1,57
605,2,4
606,0,27
606,1,43
606,2,65
607,0,29
607,1,100
607,2,67
608,0,90
608,1,3
608,2,60
609,0,33
609,1,25
609,2,54
610,0,46
610,1,91
610,2,3
611,0,0
611,1,33
611,2,18
612,0,62
612,1,56
612,2,34
613,0,91
613,1,57
613,2,12
614,0,93
614,1,64
614,2,29
615,0,44
615,1,48
615,2,56
616,0,77
616,1,84
616,2,28
617,0,52
617,1,85
617,2,66
618,0,71
618,1,93
618,2,63
619,0,57
619,1,37
619,2,70
620,0,57
620,1,101
620,2,6
621,0,75
621,1,67
621,2,5
622,0,19
622,1,71
622,2,69
623,0,76
623,1,12
623,2,66
624,0,68
624,1,7
624,2,70
625,0,91
625,1,38
625,2,35
626,0,87
626,1,26
626,2,48
627,0,20
627,1,70
627,2,5
628,0,75
628,1,0
628,2,38
629,0,19
629,1,32
629,2,33
630,0,17
630,1,48
630,2,83
631,0,89
631,1,22
631,2,83
632,0,76
632,1,75
632,2,43
633,0,3
633,1,1
633,2,18
634,0,46
634,1,89
634,2,68
635,0,91
635,1,89
635,2,13
636,0,75
636,1,34
636,2,68
637,0,39
637,1,78
637,2,95
638,0,1
638,1,0
638,2,13
639,0,17
639,1,8
639,2,68
640,0,77
640,1,95
640,2,10
641,0,70
641,1,62
641,2,47
642,0,25
642,1,71
642,2,6
643,0,18
643,1,17
643,2,90
644,0,69
644,1,57
644,2,93
645,0,88
645,1,55
645,2,76
646,0,83
646,1,73
646,2,53
647,0,7
647,1,30
647,2,23
648,0,56
648,1,72
648,2,1
649,0,25
649,1,67
649,2,67
650,0,45
650,1,64
650,2,68
651,0,0
651,1,93
651,2,86
652,0,77
652,1,58
652,2,39
653,0,84
653,1,47
653,2,3
654,0,41
654,1,99
654,2,24
655,0,88
655,1,62
655,2,97
656,0,75
656,1,2
656,2,4
657,0,83
657,1,21
657,2,88
658,0,50
658,1,31
658,2,92
659,0,86
659,1,1
659,2,15
660,0,73
660,1,42
660,2,34
661,0,49
661,1,4
661,2,44
662,0,98
662,1,38
662,2,93
663,0,29
663,1,80
663,2,84
664,0,85
664,1,28
664,2,23
665,0,85
665,1,65
665,2,70
666,0,44
666,1,92
666,2,35
667,0,60
667,1,53
667,2,88
668,0,102
668,1,49
668,2,4
669,0,38
669,1,64
669,2,72
670,0,72
670,1,92
670,2,98
671,0,62
671,1,22
671,2,59
672,0,92
672,1,38
672,2,22
673,0,40
673,1,54
673,2,55
674,0,48
674,1,14
674,2,75
675,0,71
675,1,36
675,2,24
676,0,42
676,1,80
676,2,90
677,0,55
677,1,96
677,2,0
678,0,28
678,1,77
678,2,51
679,0,32
679,1,43
679,2,77
680,0,58
680,1,4
680,2,93
681,0,99
681,1,61
681,2,9
682,0,87
682,1,87
682,2,61
683,0,25
683,1,82
683,2,80
684,0,38
684,1,57
684,2,16
685,0,68
685,1,81
685,2,30
686,0,20
686,1,69
686,2,66
687,0,4
687,1,57
687,2,76
688,0,87
688,1,19
688,2,76
689,0,32
689,1,95
689,2,14
690,0,100
690,1,40
690,2,33
691,0,14
691,1,91
691,2,25
692,0,0
692,1,49
692,2,48
693,0,23
693,1,4
693,2,67
694,0,64
694,1,46
694,2,28
695,0,47
695,1,49
695,2,39
696,0,11
696,1,0
696,2,77
697,0,72
697,1,65
697,2,26
698,0,7
698,1,13
698,2,77
699,0,5
699,1,17
699,2,22
700,0,68
700,1,102
700,2,27
701,0,49
701,1,44
701,2,64
702,0,82
702,1,92
702,2,34
703,0,37
703,1,16
703,2,14
704,0,40
704,1,93
704,2,57
705,0,53
705,1,101
705,2,33
706,0,60
706,1,58
706,2,33
707,0,22
707,1,1
707,2,44
708,0,86
708,1,28
708,2,10
709,0,42
709,1,31
709,2,45
710,0,80
710,1,31
710,2,65
711,0,21
711,1,96
711,2,88
712,0,88
712,1,56
712,2,65
713,0,95
713,1,41
713,2,84
714,0,74
714,1,50
714,2,82
715,0,32
715,1,41
715,2,11
716,0,13
716,1,56
716,2,5
717,0,59
717,1,44
717,2,37
718,0,53
718,1,44
718,2,77
719,0,97
719,1,89
719,2,71
720,0,17
720,1,102
720,2,70
721,0,6
721,1,9
721,2,75
722,0,33
722,1,0
722,2,64
723,0,30
723,1,1
723,2,54
724,0,90
724,1,98
724,2,5
725,0,50
725,1,6
725,2,41
726,0,79
726,1,69
726,2,68
727,0,44
727,1,32
727,2,15
728,0,84
728,1,69
728,2,4
729,0,48
729,1,72
729,2,36
730,0,3
730,1,45
730,2,78
731,0,36
731,1,19
731,2,38
732,0,4
732,1,30
732,2,5
733,0,67
733,1,83
733,2,86
734,0,45
734,1,86
734,2,50
735,0,82
735,1,33
735,2,25
736,0,9
736,1,84
736,2,21
737,0,75
737,1,94
737,2,88
738,0,67
738,1,101
738,2,44
739,0,54
739,1,31
739,2,98
740,0,39
740,1,46
740,2,48
741,0,95
741,1,52
741,2,0
742,0,5
742,1,61
742,2,24
743,0,86
743,1,55
743,2,94
744,0,68
744,1,97
744,2,15
745,0,68
745,1,35
745,2,22
746,0,18
746,1,24
746,2,6
747,0,93
747,1,73
747,2,77
748,0,11
748,1,80
748,2,95
749,0,10
749,1,77
749,2,46
750,0,7
750,1,67
750,2,50
751,0,57
751,1,99
751,2,59
752,0,73
752,1,26
752,2,76
753,0,69
753,1,87
753,2,73
754,0,54
754,1,33
754,2,61
755,0,93
755,1,61
755,2,94
756,0,73
756,1,19
756,2,23
757,0,69
757,1,6
757,2,72
758,0,13
758,1,8
758,2,12
759,0,74
759,1,29
759,2,92
760,0,93
760,1,14
760,2,67
761,0,70
761,1,23
761,2,84
762,0,15
762,1,73
762,2,77
763,0,66
763,1,41
763,2,1
764,0,32
764,1,61
764,2,23
765,0,9
765,1,2
765,2,74
766,0,75
766,1,41
766,2,21
767,0,46
767,1,59
767,2,96
768,0,102
768,1,15
768,2,60
769,0,48
769,1,8
769,2,81
770,0,101
770,1,83
770,2,91
771,0,15
771,1,21
771,2,11
772,0,66
772,1,14
772,2,61
773,0,64
773,1,98
773,2,30
774,0,95
774,1,32
774,2,70
775,0,99
775,1,96
775,2,27
776,0,72
776,1,5
776,2,33
777,0,94
777,1,40
777,2,51
778,0,0
778,1,2
778,2,54
779,0,86
779,1,3
779,2,25
780,0,26
780,1,58
780,2,54
781,0,76
781,1,48
781,2,90
782,0,72
782,1,19
782,2,42
783,0,29
783,1,38
783,2,68
784,0,91
784,1,99
784,2,0
785,0,86
785,1,37
785,2,69
786,0,62
786,1,13
786,2,97
787,0,71
787,1,61
787,2,54
788,0,31
788,1,21
788,2,47
789,0,41
789,1,84
789,2,91
790,0,21
790,1,60
790,2,0
791,0,75
791,1,20
791,2,83
792,0,72
792,1,92
792,2,63
793,0,59
793,1,21
793,2,86
794,0,71
794,1,81
794,2,2
795,0,80
795,1,32
795,2,75
796,0,35
796,1,30
796,2,54
797,0,64
797,1,88
797,2,41
798,0,6
798,1,67
798,2,19
799,0,53
799,1,30
799,2,35
800,0,54
800,1,44
800,2,89
801,0,95
801,1,86
801,2,90
802,0,102
802,1,3
802,2,98
803,0,46
803,1,73
803,2,62
804,0,97
804,1,46
804,2,1
805,0,1
805,1,43
805,2,0
806,0,89
806,1,34
806,2,14
807,0,92
807,1,92
807,2,2
808,0,101
808,1,29
808,2,83
809,0,24
809,1,9
809,2,37
810,0,37
810,1,59
810,2,95
811,0,84
811,1,92
811,2,58
812,0,73
812,1,77
812,2,84
813,0,0
813,1,3
813,2,86
814,0,76
814,1,11
814,2,58
815,0,15
815,1,81
815,2,44
816,0,100
816,1,42
816,2,47
817,0,25
817,1,33
817,2,23
818,0,4
818,1,79
818,2,61
819,0,6
819,1,62
819,2,1
820,0,101
820,1,100
820,2,89
821,0,91
821,1,37
821,2,99
822,0,15
822,1,50
822,2,57
823,0,71
823,1,95
823,2,67
824,0,33
824,1,20
824,2,102
825,0,32
825,1,47
825,2,78
826,0,97
826,1,3
826,2,84
827,0,71
827,1,14
827,2,90
828,0,102
828,1,40
828,2,65
829,0,50
829,1,97
829,2,83
830,0,72
830,1,53
830,2,84
831,0,62
831,1,102
831,2,45
832,0,33
832,1,82
832,2,77
833,0,10
833,1,32
833,2,2
834,0,24
834,1,32
834,2,99
835,0,60
835,1,98
835,2,29
836,0,84
836,1,57
836,2,54
837,0,11
837,1,39
837,2,21
838,0,52
838,1,49
838,2,44
839,0,30
839,1,82
839,2,93
840,0,71
840,1,34
840,2,34
841,0,94
841,1,99
841,2,68
842,0,40
842,1,10
842,2,55
843,0,3
843,1,94
843,2,83
844,0,60
844,1,54
844,2,92
845,0,23
845,1,18
845,2,27
846,0,75
846,1,49
846,2,38
847,0,31
847,1,30
847,2,3
848,0,40
848,1,0
848,2,36
849,0,4
849,1,60
849,2,12
850,0,18
850,1,26
850,2,31
851,0,84
851,1,95
851,2,16
852,0,85
852,1,66
852,2,80
853,0,58
853,1,18
853,2,95
854,0,26
854,1,97
854,2,10
855,0,10
855,1,100
855,2,85
856,0,91
856,1,79
856,2,20
857,0,80
857,1,101
857,2,70
858,0,80
858,1,66
858,2,45
859,0,74
859,1,95
859,2,35
860,0,41
860,1,65
860,2,48
861,0,46
861,1,28
861,2,49
862,0,38
862,1,33
862,2,42
863,0,62
863,1,49
863,2,89
864,0,96
864,1,84
864,2,78
865,0,53
865,1,45
865,2,38
866,0,87
866,1,45
866,2,89
867,0,7
867,1,85
867,2,5
868,0,52
868,1,52
868,2,43
869,0,17
869,1,57
869,2,32
870,0,27
870,1,59
870,2,49
871,0,21
871,1,50
871,2,77
872,0,18
872,1,93
872,2,34
873,0,45
873,1,3
873,2,34
874,0,74
874,1,80
874,2,62
875,0,28
875,1,25
875,2,20
876,0,60
876,1,61
876,2,95
877,0,15
877,1,65
877,2,43
878,0,11
878,1,1
878,2,48
879,0,94
879,1,8
879,2,89
880,0,19
880,1,54
880,2,13
881,0,65
881,1,7
881,2,85
882,0,33
882,1,53
882,2,22
883,0,2
883,1,6
883,2,35
884,0,17
884,1,9
884,2,82
885,0,72
885,1,56
885,2,86
886,0,89
886,1,98
886,2,86
887,0,82
887,1,46
887,2,34
888,0,11
888,1,83
888,2,100
889,0,61
889,1,5
889,2,1
890,0,22
890,1,12
890,2,10
891,0,95
891,1,35
891,2,77
892,0,80
892,1,48
892,2,9
893,0,25
893,1,72
893,2,60
894,0,67
894,1,24
894,2,6
895,0,94
895,1,91
895,2,102
896,0,14
896,1,42
896,2,37
897,0,102
897,1,32
897,2,63
898,0,14
898,1,12
898,2,52
899,0,80
899,1,41
899,2,31
900,0,59
900,1,21
900,2,38
901,0,33
901,1,78
901,2,20
902,0,15
902,1,100
902,2,69
903,0,21
903,1,8
903,2,67
904,0,95
904,1,29
904,2,97
905,0,82
905,1,74
905,2,15
906,0,74
906,1,65
906,2,5
907,0,83
907,1,64
907,2,66
908,0,84
908,1,40
908,2,11
909,0,54
909,1,69
909,2,17
910,0,51
910,1,88
910,2,76
911,0,64
911,1,102
911,2,84
912,0,69
912,1,54
912,2,34
913,0,88
913,1,70
913,2,101
914,0,68
914,1,37
914,2,17
915,0,54
915,1,57
915,2,102
916,0,6
916,1,100
916,2,101
917,0,34
917,1,2
917,2,91
918,0,7
918,1,59
918,2,96
919,0,68
919,1,13
919,2,39
920,0,102
920,1,25
920,2,32
921,0,81
921,1,43
921,2,58
922,0,74
922,1,19
922,2,5
923,0,35
923,1,47
923,2,56
924,0,61
924,1,88
924,2,90
925,0,11
925,1,49
925,2,89
926,0,63
926,1,39
926,2,7
927,0,84
927,1,89
927,2,28
928,0,21
928,1,64
928,2,79
929,0,75
929,1,92
929,2,31
930,0,90
930,1,32
930,2,74
931,0,93
931,1,52
931,2,24
932,0,17
932,1,12
932,2,99
933,0,76
933,1,47
933,2,85
934,0,31
934,1,7
934,2,34
935,0,25
935,1,39
935,2,51
936,0,67
936,1,89
936,2,41
937,0,16
937,1,0
937,2,0
938,0,30
938,1,5
938,2,46
939,0,73
939,1,53
939,2,12
940,0,20
940,1,75
940,2,87
941,0,16
941,1,99
941,2,82
942,0,60
942,1,50
942,2,36
943,0,64
943,1,96
943,2,53
944,0,21
944,1,4
944,2,55
945,0,49
945,1,78
945,2,34
946,0,71
946,1,93
946,2,28
947,0,48
947,1,55
947,2,46
948,0,78
948,1,22
948,2,93
949,0,22
949,1,22
949,2,15
950,0,62
950,1,69
950,2,31
951,0,34
951,1,62
951,2,41
952,0,19
952,1,94
952,2,33
953,0,58
953,1,70
953,2,94
954,0,72
954,1,63
954,2,70
955,0,21
955,1,96
955,2,9
956,0,78
956,1,14
956,2,41
957,0,94
957,1,69
957,2,26
958,0,37
958,1,29
958,2,15
959,0,92
959,1,34
959,2,56
960,0,33
960,1,69
960,2,63
961,0,28
961,1,74
961,2,46
962,0,13
962,1,24
962,2,101
963,0,46
963,1,77
963,2,15
964,0,83
964,1,28
964,2,38
965,0,64
965,1,61
965,2,32
966,0,46
966,1,19
966,2,49
967,0,82
967,1,9
967,2,38
968,0,18
968,1,16
968,2,50
969,0,94
969,1,68
969,2,71
970,0,73
970,1,84
970,2,46
971,0,93
971,1,56
971,2,97
972,0,78
972,1,86
972,2,49
973,0,61
973,1,65
973,2,71
974,0,52
974,1,18
974,2,35
975,0,66
975,1,49
975,2,77
976,0,84
976,1,58
976,2,2
977,0,59
977,1,10
977,2,85
978,0,17
978,1,95
978,2,99
979,0,6
979,1,15
979,2,58
980,0,85
980,1,22
980,2,18
981,0,74
981,1,12
981,2,61
982,0,52
982,1,1
982,2,72
983,0,40
983,1,41
983,2,52
984,0,8
984,1,25
984,2,82
985,0,51
985,1,23
985,2,94
986,0,35
986,1,51
986,2,42
987,0,31
987,1,98
987,2,66
988,0,70
988,1,29
988,2,21
989,0,14
989,1,14
989,2,31
990,0,21
990,1,98
990,2,60
991,0,33
991,1,91
991,2,8
992,0,71
992,1,5
992,2,95
993,0,8
993,1,6
993,2,94
994,0,16
994,1,27
994,2,101
995,0,4
995,1,32
995,2,52
996,0,74
996,1,88
996,2,101
997,0,100
997,1,9
997,2,100
998,0,94
998,1,95
998,2,12
999,0,73
999,1,87
999,2,24
1000,0,26
1000,1,80
1000,2,21
1001,0,38
1001,1,79
1001,2,38
1002,0,56
1002,1,36
1002,2,50
1003,0,29
1003,1,71
1003,2,64
1004,0,79
1004,1,14
1004,2,45
1005,0,18
1005,1,57
1005,2,28
1006,0,54
1006,1,43
1006,2,82
1007,0,78
1007,1,2
1007,2,65
1008,0,30
1008,1,52
1008,2,102
1009,0,70
1009,1,46
1009,2,46
1010,0,44
1010,1,5
1010,2,54
1011,0,87
1011,1,68
1011,2,26
1012,0,97
1012,1,100
1012,2,99
1013,0,30
1013,1,75
1013,2,43
1014,0,24
1014,1,94
1014,2,82
1015,0,84
1015,1,42
1015,2,72
1016,0,97
1016,1,38
1016,2,69
1017,0,34
1017,1,16
1017,2,29
1018,0,8
1018,1,31
1018,2,37
1019,0,58
1019,1,83
1019,2,24
1020,0,44
1020,1,61
1020,2,55
1021,0,37
1021,1,2
1021,2,39
1022,0,42
1022,1,20
1022,2,60
1023,0,13
1023,1,48
1023,2,39
1024,0,30
1024,1,26
1024,2,76
1025,0,90
1025,1,88
1025,2,60
1026,0,93
1026,1,46
1026,2,4
1027,0,57
1027,1,66
1027,2,24
1028,0,77
1028,1,47
1028,2,101
1029,0,79
1029,1,29
1029,2,70
1030,0,36
1030,1,72
1030,2,67
1031,0,51
1031,1,37
1031,2,90
1032,0,98
1032,1,44
1032,2,83
1033,0,0
1033,1,8
1033,2,16
1034,0,62
1034,1,61
1034,2,59
1035,0,85
1035,1,12
1035,2,18
1036,0,8
1036,1,52
1036,2,29
1037,0,58
1037,1,73
1037,2,12
1038,0,9
1038,1,44
1038,2,47
1039,0,15
1039,1,30
1039,2,12
1040,0,18
1040,1,67
1040,2,7
1041,0,69
1041,1,43
1041,2,29
1042,0,33
1042,1,30
1042,2,60
1043,0,28
1043,1,4
1043,2,39
1044,0,65
1044,1,9
1044,2,36
1045,0,93
1045,1,48
1045,2,66
1046,0,16
1046,1,19
1046,2,86
1047,0,42
1047,1,56
1047,2,38
1048,0,76
1048,1,69
1048,2,15
1049,0,20
1049,1,87
1049,2,96
1050,0,35
1050,1,17
1050,2,27
1051,0,88
1051,1,36
1051,2,92
1052,0,99
1052,1,100
1052,2,45
1053,0,64
1053,1,29
1053,2,74
1054,0,53
1054,1,5
1054,2,92
1055,0,88
1055,1,71
1055,2,16
1056,0,60
1056,1,49
1056,2,100
1057,0,47
1057,1,24
1057,2,60
1058,0,52
1058,1,30
1058,2,46
1059,0,7
1059,1,81
1059,2,58
1060,0,47
1060,1,4
1060,2,25
1061,0,84
1061,1,94
1061,2,100
1062,0,86
1062,1,2
1062,2,96
1063,0,49
1063,1,74
1063,2,12
1064,0,27
1064,1,27
1064,2,11
1065,0,41
1065,1,33
1065,2,10
1066,0,68
1066,1,44
1066,2,47
1067,0,7
1067,1,51
1067,2,80
1068,0,31
1068,1,54
1068,2,73
1069,0,65
1069,1,83
1069,2,74
1070,0,4
1070,1,11
1070,2,25
1071,0,39
1071,1,101
1071,2,49
1072,0,67
1072,1,86
1072,2,47
1073,0,30
1073,1,81
1073,2,82
1074,0,9
1074,1,22
1074,2,42
1075,0,4
1075,1,28
1075,2,73
1076,0,73
1076,1,36
1076,2,86
1077,0,49
1077,1,71
1077,2,81
1078,0,7
1078,1,74
1078,2,99
1079,0,61
1079,1,28
1079,2,32
1080,0,72
1080,1,7
1080,2,66
1081,0,90
1081,1,30
1081,2,90
1082,0,22
1082,1,52
1082,2,76
1083,0,49
1083,1,56
1083,2,55
1084,0,43
1084,1,60
1084,2,3
1085,0,28
1085,1,11
1085,2,36
1086,0,93
1086,1,12
1086,2,39
1087,0,92
1087,1,95
1087,2,69
1088,0,6
1088,1,26
1088,2,4
1089,0,26
1089,1,95
1089,2,32
1090,0,32
1090,1,37
1090,2,10
1091,0,74
1091,1,52
1091,2,39
1092,0,32
1092,1,73
1092,2,37
1093,0,100
1093,1,8
1093,2,45
1094,0,101
1094,1,23
1094,2,20
1095,0,67
1095,1,52
1095,2,1
1096,0,45
1096,1,43
1096,2,18
1097,0,67
1097,1,99
1097,2,14
1098,0,66
1098,1,99
1098,2,52
1099,0,76
1099,1,97
1099,2,76
1100,0,90
1100,1,17
1100,2,61
1101,0,12
1101,1,41
1101,2,84
1102,0,1
1102,1,14
1102,2,100
1103,0,39
1103,1,70
1103,2,8
1104,0,84
1104,1,69
1104,2,26
1105,0,53
1105,1,47
1105,2,2
1106,0,29
1106,1,91
1106,2,46
1107,0,54
1107,1,19
1107,2,11
1108,0,71
1108,1,12
1108,2,86
1109,0,99
1109,1,7
1109,2,62
1110,0,77
1110,1,18
1110,2,37
1111,0,65
1111,1,12
1111,2,14
1112,0,60
1112,1,98
1112,2,99
1113,0,53
1113,1,29
1113,2,25
1114,0,97
1114,1,22
1114,2,30
1115,0,32
1115,1,59
1115,2,37
1116,0,51
1116,1,69
1116,2,48
1117,0,0
1117,1,71
1117,2,92
1118,0,18
1118,1,30
1118,2,72
1119,0,43
1119,1,7
1119,2,78
1120,0,28
1120,1,16
1120,2,36
1121,0,2
1121,1,97
1121,2,58
1122,0,53
1122,1,46
1122,2,22
1123,0,10
1123,1,60
1123,2,48
1124,0,3
1124,1,41
1124,2,75
1125,0,83
1125,1,95
1125,2,77
1126,0,70
1126,1,59
1126,2,1
1127,0,5
1127,1,13
1127,2,29
1128,0,50
1128,1,67
1128,2,40
1129,0,91
1129,1,78
1129,2,63
1130,0,37
1130,1,2
1130,2,0
1131,0,66
1131,1,37
1131,2,99
1132,0,5
1132,1,99
1132,2,13
1133,0,99
1133,1,7
1133,2,30
1134,0,3
1134,1,95
1134,2,73
1135,0,71
1135,1,61
1135,2,44
1136,0,97
1136,1,94
1136,2,43
1137,0,34
1137,1,29
1137,2,85
1138,0,50
1138,1,57
1138,2,6
1139,0,60
1139,1,84
1139,2,60
1140,0,10
1140,1,66
1140,2,36
1141,0,93
1141,1,11
1141,2,102
1142,0,45
1142,1,75
1142,2,95
1143,0,24
1143,1,86
1143,2,99
1144,0,42
1144,1,50
1144,2,52
1145,0,34
1145,1,34
1145,2,66
1146,0,56
1146,1,1
1146,2,42
1147,0,17
1147,1,100
1147,2,24
1148,0,12
1148,1,68
1148,2,60
1149,0,95
1149,1,51
1149,2,74
1150,0,68
1150,1,76
1150,2,39
1151,0,9
1151,1,27
1151,2,72
1152,0,79
1152,1,3
1152,2,42
1153,0,92
1153,1,11
1153,2,53
1154,0,33
1154,1,98
1154,2,80
1155,0,85
1155,1,55
1155,2,33
1156,0,86
1156,1,78
1156,2,82
1157,0,92
1157,1,77
1157,2,95
1158,0,50
1158,1,27
1158,2,68
1159,0,27
1159,1,43
1159,2,83
1160,0,24
1160,1,13
1160,2,51
1161,0,31
1161,1,94
1161,2,85
1162,0,80
1162,1,84
1162,2,1
1163,0,12
1163,1,20
1163,2,101
1164,0,36
1164,1,80
1164,2,24
1165,0,77
1165,1,88
1165,2,8
1166,0,33
1166,1,71
1166,2,66
1167,0,25
1167,1,86
1167,2,25
1168,0,44
1168,1,98
1168,2,35
1169,0,36
1169,1,11
1169,2,14
1170,0,42
1170,1,71
1170,2,9
1171,0,13
1171,1,75
1171,2,16
1172,0,46
1172,1,14
1172,2,32
1173,0,77
1173,1,57
1173,2,23
1174,0,5
1174,1,74
1174,2,1
1175,0,63
1175,1,43
1175,2,37
1176,0,100
1176,1,5
1176,2,54
1177,0,97
1177,1,27
1177,2,9
1178,0,77
1178,1,87
1178,2,96
1179,0,79
1179,1,78
1179,2,91
1180,0,74
1180,1,25
1180,2,14
1181,0,16
1181,1,27
1181,2,101
1182,0,100
1182,1,3
1182,2,12
1183,0,92
1183,1,38
1183,2,41
1184,0,96
1184,1,92
1184,2,50
1185,0,68
1185,1,80
1185,2,75
1186,0,77
1186,1,3
1186,2,4
1187,0,55
1187,1,1
1187,2,79
1188,0,74
1188,1,33
1188,2,15
1189,0,20
1189,1,52
1189,2,35
1190,0,89
1190,1,53
1190,2,85
1191,0,94
1191,1,101
1191,2,83
1192,0,89
1192,1,68
1192,2,15
1193,0,21
1193,1,21
1193,2,18
1194,0,26
1194,1,29
1194,2,40
1195,0,74
1195,1,45
1195,2,64
1196,0,5
1196,1,31
1196,2,29
1197,0,90
1197,1,6
1197,2,66
1198,0,42
1198,1,6
1198,2,91
1199,0,71
1199,1,31
1199,2,78
1200,0,101
1200,1,72
1200,2,34
1201,0,70
1201,1,89
1201,2,96
1202,0,27
1202,1,83
1202,2,74
1203,0,66
1203,1,15
1203,2,79
1204,0,16
1204,1,30
1204,2,43
1205,0,29
1205,1,94
1205,2,85
1206,0,58
1206,1,44
1206,2,9
1207,0,99
1207,1,96
1207,2,5
1208,0,94
1208,1,95
1208,2,81
1209,0,69
1209,1,6
1209,2,63
1210,0,57
1210,1,23
1210,2,21
1211,0,75
1211,1,75
1211,2,30
1212,0,67
1212,1,63
1212,2,22
1213,0,6
1213,1,19
1213,2,38
1214,0,51
1214,1,97
1214,2,61
1215,0,102
1215,1,10
1215,2,78
1216,0,10
1216,1,4
1216,2,68
1217,0,29
1217,1,91
1217,2,64
1218,0,65
1218,1,81
1218,2,8
1219,0,15
1219,1,10
1219,2,72
1220,0,87
1220,1,21
1220,2,57
1221,0,14
1221,1,19
1221,2,43
1222,0,12
1222,1,33
1222,2,75
1223,0,73
1223,1,95
1223,2,85
1224,0,0
1224,1,63
1224,2,11
1225,0,25
1225,1,54
1225,2,30
1226,0,37
1226,1,102
1226,2,24
1227,0,47
1227,1,22
1227,2,76
1228,0,101
1228,1,47
1228,2,11
1229,0,34
1229,1,44
1229,2,22
1230,0,73
1230,1,4
1230,2,90
1231,0,0
1231,1,20
1231,2,99
1232,0,65
1232,1,88
1232,2,29
1233,0,73
1233,1,24
1233,2,45
1234,0,35
1234,1,45
1234,2,13
1235,0,44
1235,1,50
1235,2,55
1236,0,60
1236,1,97
1236,2,93
1237,0,27
1237,1,47
1237,2,25
1238,0,18
1238,1,1
1238,2,34
1239,0,20
1239,1,3
1239,2,37
1240,0,19
1240,1,17
1240,2,95
1241,0,23
1241,1,30
1241,2,68
1242,0,67
1242,1,2
1242,2,88
1243,0,11
1243,1,47
1243,2,23
1244,0,10
1244,1,69
1244,2,41
1245,0,56
1245,1,92
1245,2,36
1246,0,75
1246,1,81
1246,2,16
1247,0,77
1247,1,38
1247,2,29
1248,0,7
1248,1,35
1248,2,6
1249,0,61
1249,1,67
1249,2,42
1250,0,66
1250,1,70
1250,2,69
1251,0,10
1251,1,82
1251,2,72
1252,0,42
1252,1,10
1252,2,40
1253,0,11
1253,1,34
1253,2,67
1254,0,102
1254,1,81
1254,2,1
1255,0,48
1255,1,99
1255,2,46
1256,0,74
1256,1,101
1256,2,36
1257,0,46
1257,1,36
1257,2,45
1258,0,75
1258,1,92
1258,2,57
1259,0,57
1259,1,80
1259,2,97
1260,0,1
1260,1,58
1260,2,6
1261,0,37
1261,1,18
1261,2,74
1262,0,16
1262,1,2
1262,2,46
1263,0,80
1263,1,73
1263,2,69
1264,0,20
1264,1,15
1264,2,12
1265,0,67
1265,1,92
1265,2,42
1266,0,44
1266,1,83
1266,2,65
1267,0,64
1267,1,49
1267,2,14
1268,0,63
1268,1,34
1268,2,9
1269,0,10
1269,1,40
1269,2,97
1270,0,5
1270,1,30
1270,2,84
1271,0,101
1271,1,100
1271,2,29
1272,0,31
1272,1,37
1272,2,12
1273,0,31
1273,1,40
1273,2,12
1274,0,61
1274,1,102
1274,2,35
1275,0,97
1275,1,32
1275,2,87
1276,0,100
1276,1,63
1276,2,90
1277,0,5
1277,1,3
1277,2,20
1278,0,15
1278,1,12
1278,2,32
1279,0,67
1279,1,83
1279,2,82
1280,0,1
1280,1,42
1280,2,9
1281,0,91
1281,1,78
1281,2,82
1282,0,30
1282,1,86
1282,2,22
1283,0,26
1283,1,93
1283,2,73
1284,0,86
1284,1,18
1284,2,3
1285,0,70
1285,1,83
1285,2,58
1286,0,66
1286,1,99
1286,2,59
1287,0,84
1287,1,85
1287,2,27
1288,0,102
1288,1,42
1288,2,9
1289,0,86
1289,1,61
1289,2,1
1290,0,52
1290,1,77
1290,2,26
1291,0,50
1291,1,21
1291,2,102
1292,0,29
1292,1,66
1292,2,53
1293,0,83
1293,1,76
1293,2,65
1294,0,29
1294,1,58
1294,2,100
1295,0,73
1295,1,19
1295,2,66
1296,0,86
1296,1,56
1296,2,48
1297,0,86
1297,1,14
1297,2,66
1298,0,85
1298,1,75
1298,2,27
1299,0,51
1299,1,83
1299,2,15
1300,0,83
1300,1,36
1300,2,58
1301,0,92
1301,1,53
1301,2,53
1302,0,82
1302,1,1
1302,2,54
1303,0,1
1303,1,0
1303,2,5
1304,0,94
1304,1,12
1304,2,75
1305,0,52
1305,1,54
1305,2,20
1306,0,57
1306,1,54
1306,2,91
1307,0,90
1307,1,51
1307,2,85
1308,0,53
1308,1,9
1308,2,55
1309,0,57
1309,1,94
1309,2,71
1310,0,97
1310,1,2
1310,2,59
1311,0,85
1311,1,97
1311,2,39
1312,0,57
1312,1,10
1312,2,75
1313,0,102
1313,1,40
1313,2,94
1314,0,17
1314,1,9
1314,2,52
1315,0,32
1315,1,88
1315,2,59
1316,0,91
1316,1,48
1316,2,32
1317,0,13
1317,1,9
1317,2,53
1318,0,32
1318,1,30
1318,2,44
1319,0,53
1319,1,78
1319,2,32
1320,0,67
1320,1,8
1320,2,50
1321,0,95
1321,1,27
1321,2,61
1322,0,88
1322,1,16
1322,2,27
1323,0,9
1323,1,3
1323,2,8
1324,0,74
1324,1,69
1324,2,10
1325,0,31
1325,1,2
1325,2,24
1326,0,84
1326,1,27
1326,2,2
1327,0,70
1327,1,23
1327,2,62
1328,0,70
1328,1,24
1328,2,15
1329,0,10
1329,1,55
1329,2,2
1330,0,99
1330,1,26
1330,2,88
1331,0,38
1331,1,13
1331,2,100
1332,0,47
1332,1,55
1332,2,36
1333,0,65
1333,1,18
1333,2,66
1334,0,17
1334,1,51
1334,2,39
1335,0,0
1335,1,42
1335,2,65
1336,0,74
1336,1,71
1336,2,19
1337,0,59
1337,1,12
1337,2,80
1338,0,72
1338,1,57
1338,2,85
1339,0,93
1339,1,45
1339,2,10
1340,0,65
1340,1,41
1340,2,95
1341,0,43
1341,1,61
1341,2,6
1342,0,66
1342,1,23
1342,2,56
1343,0,55
1343,1,52
1343,2,63
1344,0,86
1344,1,65
1344,2,82
1345,0,38
1345,1,87
1345,2,43
1346,0,45
1346,1,59
1346,2,4
1347,0,81
1347,1,35
1347,2,55
1348,0,69
1348,1,93
1348,2,18
1349,0,22
1349,1,68
1349,2,35
1350,0,52
1350,1,21
1350,2,19
1351,0,66
1351,1,60
1351,2,66
1352,0,102
1352,1,7
1352,2,19
1353,0,63
1353,1,3
1353,2,59
1354,0,53
1354,1,87
1354,2,9
1355,0,39
1355,1,17
1355,2,41
1356,0,8
1356,1,27
1356,2,7
1357,0,25
1357,1,76
1357,2,39
1358,0,91
1358,1,21
1358,2,2
1359,0,16
1359,1,43
1359,2,78
1360,0,58
1360,1,91
1360,2,44
1361,0,14
1361,1,69
1361,2,74
1362,0,23
1362,1,42
1362,2,5
1363,0,34
1363,1,79
1363,2,27
1364,0,23
1364,1,59
1364,2,21
1365,0,31
1365,1,45
1365,2,16
1366,0,4
1366,1,60
1366,2,25
1367,0,14
1367,1,42
1367,2,79
1368,0,100
1368,1,18
1368,2,10
1369,0,96
1369,1,90
1369,2,7
1370,0,20
1370,1,20
1370,2,4
1371,0,42
1371,1,81
1371,2,70
1372,0,10
1372,1,75
1372,2,98
1373,0,65
1373,1,8
1373,2,75
1374,0,28
1374,1,20
1374,2,85
1375,0,20
1375,1,40
1375,2,92
1376,0,58
1376,1,83
1376,2,40
1377,0,57
1377,1,60
1377,2,6
1378,0,54
1378,1,16
1378,2,39
1379,0,52
1379,1,27
1379,2,16
1380,0,63
1380,1,77
1380,2,76
1381,0,84
1381,1,71
1381,2,66
1382,0,41
1382,1,48
1382,2,73
1383,0,89
1383,1,42
1383,2,74
1384,0,63
1384,1,31
1384,2,90
1385,0,48
1385,1,23
1385,2,68
1386,0,84
1386,1,33
1386,2,51
1387,0,8
1387,1,8
1387,2,85
1388,0,67
1388,1,90
1388,2,76
1389,0,55
1389,1,65
1389,2,98
1390,0,72
1390,1,80
1390,2,42
1391,0,84
1391,1,81
1391,2,53
1392,0,37
1392,1,50
1392,2,85
1393,0,25
1393,1,23
1393,2,51
1394,0,2
1394,1,100
1394,2,48
1395,0,0
1395,1,38
1395,2,10
1396,0,83
1396,1,28
1396,2,80
1397,0,43
1397,1,92
1397,2,100
1398,0,3
1398,1,19
1398,2,15
1399,0,36
1399,1,67
1399,2,22
1400,0,30
1400,1,20
1400,2,90
1401,0,45
1401,1,88
1401,2,21
1402,0,73
1402,1,52
1402,2,25
1403,0,77
1403,1,97
1403,2,5
1404,0,13
1404,1,32
1404,2,21
1405,0,21
1405,1,19
1405,2,16
1406,0,28
1406,1,9
1406,2,70
1407,0,98
1407,1,93
1407,2,65
1408,0,6
1408,1,38
1408,2,14
1409,0,99
1409,1,39
1409,2,90
1410,0,2
1410,1,88
1410,2,8
1411,0,60
1411,1,27
1411,2,91
1412,0,93
1412,1,49
1412,2,73
1413,0,78
1413,1,91
1413,2,58
1414,0,6
1414,1,92
1414,2,75
1415,0,59
1415,1,41
1415,2,49
1416,0,27
1416,1,67
1416,2,61
1417,0,41
1417,1,46
1417,2,15
1418,0,98
1418,1,16
1418,2,85
1419,0,17
1419,1,89
1419,2,44
1420,0,41
1420,1,39
1420,2,9
1421,0,17
1421,1,32
1421,2,100
1422,0,82
1422,1,99
1422,2,69
1423,0,73
1423,1,1
1423,2,28
1424,0,91
1424,1,63
1424,2,102
1425,0,0
1425,1,90
1425,2,23
1426,0,69
1426,1,7
1426,2,100
1427,0,41
1427,1,76
1427,2,5
1428,0,87
1428,1,11
1428,2,13
1429,0,56
1429,1,5
1429,2,75
1430,0,87
1430,1,93
1430,2,7
1431,0,56
1431,1,63
1431,2,92
1432,0,18
1432,1,41
1432,2,28
1433,0,32
1433,1,34
1433,2,19
1434,0,72
1434,1,5
1434,2,7
1435,0,84
1435,1,58
1435,2,58
1436,0,22
1436,1,17
1436,2,60
1437,0,4
1437,1,11
1437,2,83
1438,0,63
1438,1,18
1438,2,9
1439,0,44
1439,1,99
1439,2,59
1440,0,83
1440,1,51
1440,2,101
1441,0,8
1441,1,49
1441,2,95
1442,0,89
1442,1,69
1442,2,27
1443,0,4
1443,1,80
1443,2,25
1444,0,55
1444,1,46
1444,2,75
1445,0,24
1445,1,77
1445,2,77
1446,0,75
1446,1,45
1446,2,56
1447,0,21
1447,1,40
1447,2,86
1448,0,55
1448,1,68
1448,2,13
1449,0,51
1449,1,77
1449,2,48
1450,0,75
1450,1,95
1450,2,87
1451,0,56
1451,1,92
1451,2,80
1452,0,89
1452,1,9
1452,2,58
1453,0,86
1453,1,36
1453,2,41
1454,0,72
1454,1,88
1454,2,8
1455,0,10
1455,1,37
1455,2,78
1456,0,90
1456,1,25
1456,2,66
1457,0,72
1457,1,80
1457,2,20
1458,0,66
1458,1,78
1458,2,62
1459,0,13
1459,1,77
1459,2,11
1460,0,15
1460,1,74
1460,2,1
1461,0,88
1461,1,90
1461,2,72
1462,0,14
1462,1,28
1462,2,28
1463,0,42
1463,1,31
1463,2,8
1464,0,36
1464,1,36
1464,2,77
1465,0,39
1465,1,28
1465,2,65
1466,0,7
1466,1,42
1466,2,82
1467,0,90
1467,1,17
1467,2,20
1468,0,86
1468,1,53
1468,2,45
1469,0,18
1469,1,34
1469,2,26
1470,0,78
1470,1,49
1470,2,37
1471,0,99
1471,1,30
1471,2,58
1472,0,29
1472,1,99
1472,2,82
1473,0,78
1473,1,56
1473,2,100
1474,0,4
1474,1,83
1474,2,52
1475,0,98
1475,1,81
1475,2,96
1476,0,34
1476,1,59
1476,2,78
1477,0,68
1477,1,87
1477,2,51
1478,0,1
1478,1,44
1478,2,63
1479,0,98
1479,1,38
1479,2,73
1480,0,54
1480,1,38
1480,2,44
1481,0,22
1481,1,35
1481,2,75
1482,0,59
1482,1,99
1482,2,47
1483,0,6
1483,1,24
1483,2,4
1484,0,60
1484,1,61
1484,2,63
1485,0,51
1485,1,93
1485,2,76
1486,0,84
1486,1,77
1486,2,50
1487,0,48
1487,1,19
1487,2,9
1488,0,3
1488,1,17
1488,2,59
1489,0,94
1489,1,29
1489,2,85
1490,0,44
1490,1,56
1490,2,28
1491,0,72
1491,1,15
1491,2,32
1492,0,43
1492,1,66
1492,2,13
1493,0,61
1493,1,25
1493,2,33
1494,0,68
1494,1,55
1494,2,27
1495,0,54
1495,1,59
1495,2,55
1496,0,70
1496,1,17
1496,2,55
1497,0,39
1497,1,78
1497,2,97
1498,0,89
1498,1,59
1498,2,22
1499,0,85
1499,1,31
1499,2,81
1500,0,98
1500,1,2
1500,2,42
1501,0,46
1501,1,13
1501,2,12
1502,0,5
1502,1,22
1502,2,97
1503,0,63
1503,1,32
1503,2,86
1504,0,70
1504,1,63
1504,2,30
1505,0,6
1505,1,96
1505,2,55
1506,0,25
1506,1,33
1506,2,23
1507,0,21
1507,1,82
1507,2,44
1508,0,49
1508,1,29
1508,2,97
1509,0,91
1509,1,28
1509,2,18
1510,0,37
1510,1,53
1510,2,20
1511,0,40
1511,1,46
1511,2,79
1512,0,68
1512,1,25
1512,2,36
1513,0,6
1513,1,42
1513,2,62
1514,0,88
1514,1,5
1514,2,29
1515,0,82
1515,1,87
1515,2,69
1516,0,46
1516,1,83
1516,2,24
1517,0,12
1517,1,82
1517,2,38
1518,0,69
1518,1,70
1518,2,27
1519,0,60
1519,1,65
1519,2,80
1520,0,59
1520,1,75
1520,2,79
1521,0,46
1521,1,67
1521,2,61
1522,0,66
1522,1,48
1522,2,36
1523,0,28
1523,1,37
1523,2,74
1524,0,47
1524,1,86
1524,2,70
1525,0,86
1525,1,32
1525,2,73
1526,0,51
1526,1,61
1526,2,69
1527,0,55
1527,1,24
1527,2,94
1528,0,11
1528,1,36
1528,2,69
1529,0,98
1529,1,78
1529,2,43
1530,0,28
1530,1,53
1530,2,89
1531,0,68
1531,1,9
1531,2,1
1532,0,58
1532,1,52
1532,2,45
1533,0,23
1533,1,37
1533,2,52
1534,0,55
1534,1,2
1534,2,29
1535,0,78
1535,1,66
1535,2,77
1536,0,56
1536,1,51
1536,2,37
1537,0,44
1537,1,15
1537,2,63
1538,0,0
1538,1,4
1538,2,13
1539,0,9
1539,1,67
1539,2,2
1540,0,83
1540,1,68
1540,2,4
1541,0,22
1541,1,94
1541,2,40
1542,0,15
1542,1,102
1542,2,40
1543,0,22
1543,1,5
1543,2,102
1544,0,74
1544,1,39
1544,2,78
1545,0,20
1545,1,96
1545,2,57
1546,0,55
1546,1,101
1546,2,11
1547,0,75
1547,1,18
1547,2,102
1548,0,75
1548,1,35
1548,2,61
1549,0,33
1549,1,80
1549,2,14
1550,0,39
1550,1,20
1550,2,34
1551,0,25
1551,1,70
1551,2,44
1552,0,36
1552,1,66
1552,2,88
1553,0,19
1553,1,48
1553,2,66
1554,0,98
1554,1,16
1554,2,16
1555,0,81
1555,1,40
1555,2,85
1556,0,68
1556,1,35
1556,2,23
1557,0,69
1557,1,30
1557,2,85
1558,0,30
1558,1,8
1558,2,0
1559,0,77
1559,1,50
1559,2,7
1560,0,93
1560,1,102
1560,2,47
1561,0,52
1561,1,34
1561,2,26
1562,0,89
1562,1,5
1562,2,44
1563,0,99
1563,1,52
1563,2,75
1564,0,84
1564,1,29
1564,2,78
1565,0,39
1565,1,55
1565,2,81
1566,0,57
1566,1,83
1566,2,7
1567,0,11
1567,1,57
1567,2,78
1568,0,26
1568,1,32
1568,2,43
1569,0,82
1569,1,30
1569,2,41
1570,0,0
1570,1,20
1570,2,88
1571,0,19
1571,1,94
1571,2,64
1572,0,27
1572,1,24
1572,2,59
1573,0,33
1573,1,72
1573,2,22
1574,0,95
1574,1,10
1574,2,1
1575,0,31
1575,1,30
1575,2,66
1576,0,71
1576,1,87
1576,2,16
1577,0,6
1577,1,4
1577,2,17
1578,0,65
1578,1,76
1578,2,29
1579,0,80
1579,1,91
1579,2,73
1580,0,82
1580,1,46
1580,2,68
1581,0,44
1581,1,18
1581,2,21
1582,0,94
1582,1,93
1582,2,90
1583,0,38
1583,1,27
1583,2,84
1584,0,87
1584,1,91
1584,2,16
1585,0,76
1585,1,48
1585,2,51
1586,0,23
1586,1,47
1586,2,3
1587,0,55
1587,1,62
1587,2,53
1588,0,35
1588,1,90
1588,2,16
1589,0,32
1589,1,17
1589,2,50
1590,0,46
1590,1,85
1590,2,24
1591,0,59
1591,1,18
1591,2,9
1592,0,82
1592,1,46
1592,2,28
1593,0,101
1593,1,25
1593,2,39
1594,0,102
1594,1,42
1594,2,80
1595,0,10
1595,1,48
1595,2,47
1596,0,85
1596,1,81
1596,2,32
1597,0,10
1597,1,92
1597,2,41
1598,0,44
1598,1,101
1598,2,22
1599,0,1
1599,1,36
1599,2,54
1600,0,95
1600,1,37
1600,2,43
1601,0,41
1601,1,28
1601,2,71
1602,0,26
1602,1,4
1602,2,48
1603,0,7
1603,1,43
1603,2,31
1604,0,27
1604,1,43
1604,2,28
1605,0,92
1605,1,13
1605,2,16
1606,0,36
1606,1,43
1606,2,101
1607,0,5
1607,1,93
1607,2,69
1608,0,31
1608,1,26
1608,2,64
1609,0,71
1609,1,89
1609,2,94
1610,0,67
1610,1,8
1610,2,66
1611,0,58
1611,1,80
1611,2,0
1612,0,61
1612,1,34
1612,2,7
1613,0,86
1613,1,2
1613,2,2
1614,0,46
1614,1,32
1614,2,83
1615,0,70
1615,1,102
1615,2,50
1616,0,14
1616,1,89
1616,2,94
1617,0,102
1617,1,82
1617,2,88
1618,0,57
1618,1,16
1618,2,30
1619,0,4
1619,1,55
1619,2,41
1620,0,28
1620,1,11
1620,2,59
1621,0,35
1621,1,89
1621,2,4
1622,0,82
1622,1,63
1622,2,91
1623,0,61
1623,1,53
1623,2,79
1624,0,33
1624,1,54
1624,2,78
1625,0,60
1625,1,36
1625,2,15
1626,0,46
1626,1,67
1626,2,36
1627,0,82
1627,1,6
1627,2,45
1628,0,44
1628,1,23
1628,2,40
1629,0,33
1629,1,101
1629,2,33
1630,0,54
1630,1,16
1630,2,35
1631,0,15
1631,1,57
1631,2,65
1632,0,5
1632,1,39
1632,2,95
1633,0,22
1633,1,23
1633,2,99
1634,0,41
1634,1,29
1634,2,79
1635,0,5
1635,1,53
1635,2,63
1636,0,59
1636,1,69
1636,2,12
1637,0,76
1637,1,82
1637,2,77
1638,0,98
1638,1,80
1638,2,62
1639,0,100
1639,1,49
1639,2,5
1640,0,86
1640,1,72
1640,2,95
1641,0,88
1641,1,91
1641,2,98
1642,0,82
1642,1,89
1642,2,74
1643,0,9
1643,1,85
1643,2,17
1644,0,24
1644,1,96
1644,2,0
1645,0,39
1645,1,77
1645,2,101
1646,0,14
1646,1,73
1646,2,60
1647,0,9
1647,1,23
1647,2,41
1648,0,41
1648,1,27
1648,2,26
1649,0,34
1649,1,8
1649,2,12
1650,0,80
1650,1,94
1650,2,64
1651,0,101
1651,1,90
1651,2,78
1652,0,47
1652,1,58
1652,2,80
1653,0,59
1653,1,90
1653,2,77
1654,0,74
1654,1,29
1654,2,102
1655,0,49
1655,1,42
1655,2,2
1656,0,69
1656,1,95
1656,2,67
1657,0,12
1657,1,72
1657,2,20
1658,0,47
1658,1,23
1658,2,56
1659,0,68
1659,1,80
1659,2,59
1660,0,97
1660,1,46
1660,2,97
1661,0,36
1661,1,41
1661,2,86
1662,0,37
1662,1,49
1662,2,35
1663,0,15
1663,1,86
1663,2,38
1664,0,11
1664,1,46
1664,2,34
1665,0,6
1665,1,7
1665,2,46
1666,0,5
1666,1,97
1666,2,37
1667,0,101
1667,1,99
1667,2,62
1668,0,82
1668,1,60
1668,2,33
1669,0,87
1669,1,3
1669,2,57
1670,0,95
1670,1,30
1670,2,18
1671,0,53
1671,1,79
1671,2,56
1672,0,61
1672,1,72
1672,2,9
1673,0,17
1673,1,6
1673,2,24
1674,0,24
1674,1,20
1674,2,6
1675,0,13
1675,1,9
1675,2,76
1676,0,68
1676,1,0
1676,2,24
1677,0,80
1677,1,42
1677,2,16
1678,0,40
1678,1,99
1678,2,58
1679,0,23
1679,1,11
1679,2,49
1680,0,76
1680,1,35
1680,2,23
1681,0,33
1681,1,57
1681,2,84
1682,0,26
1682,1,51
1682,2,9
1683,0,69
1683,1,34
1683,2,26
1684,0,34
1684,1,45
1684,2,28
1685,0,10
1685,1,80
1685,2,58
1686,0,81
1686,1,20
1686,2,65
1687,0,77
1687,1,88
1687,2,31
1688,0,30
1688,1,86
1688,2,65
1689,0,31
1689,1,15
1689,2,98
1690,0,96
1690,1,85
1690,2,44
1691,0,74
1691,1,70
1691,2,15
1692,0,31
1692,1,71
1692,2,33
1693,0,45
1693,1,95
1693,2,3
1694,0,102
1694,1,72
1694,2,41
1695,0,63
1695,1,29
1695,2,58
1696,0,8
1696,1,37
1696,2,6
1697,0,97
1697,1,3
1697,2,80
1698,0,93
1698,1,90
1698,2,45
1699,0,74
1699,1,51
1699,2,43
1700,0,101
1700,1,66
1700,2,102
1701,0,70
1701,1,78
1701,2,99
1702,0,53
1702,1,51
1702,2,8
1703,0,12
1703,1,75
1703,2,78
1704,0,24
1704,1,97
1704,2,95
1705,0,38
1705,1,39
1705,2,17
1706,0,18
1706,1,1
1706,2,93
1707,0,41
1707,1,28
1707,2,44
1708,0,48
1708,1,1
1708,2,24
1709,0,2
1709,1,40
1709,2,14
1710,0,3
1710,1,82
1710,2,20
1711,0,75
1711,1,1
1711,2,53
1712,0,96
1712,1,18
1712,2,26
1713,0,35
1713,1,7
1713,2,23
1714,0,102
1714,1,63
1714,2,34
1715,0,67
1715,1,51
1715,2,75
1716,0,17
1716,1,67
1716,2,102
1717,0,14
1717,1,1
1717,2,22
1718,0,60
1718,1,86
1718,2,13
1719,0,46
1719,1,76
1719,2,33
1720,0,84
1720,1,2
1720,2,64
1721,0,17
1721,1,89
1721,2,88
1722,0,21
1722,1,56
1722,2,11
1723,0,24
1723,1,85
1723,2,49
1724,0,62
1724,1,14
1724,2,73
1725,0,51
1725,1,43
1725,2,92
1726,0,92
1726,1,39
1726,2,27
1727,0,11
1727,1,29
1727,2,9
1728,0,102
1728,1,96
1728,2,39
1729,0,3
1729,1,66
1729,2,46
1730,0,42
1730,1,71
1730,2,82
1731,0,40
1731,1,48
1731,2,95
1732,0,48
1732,1,88
1732,2,36
1733,0,25
1733,1,97
1733,2,50
1734,0,58
1734,1,60
1734,2,37
1735,0,69
1735,1,22
1735,2,44
1736,0,11
1736,1,64
1736,2,6
1737,0,20
1737,1,93
1737,2,101
1738,0,0
1738,1,29
1738,2,30
1739,0,89
1739,1,92
1739,2,93
1740,0,83
1740,1,39
1740,2,46
1741,0,53
1741,1,46
1741,2,45
1742,0,63
1742,1,10
1742,2,4
1743,0,40
1743,1,83
1743,2,35
1744,0,62
1744,1,26
1744,2,84
1745,0,72
1745,1,67
1745,2,85
1746,0,80
1746,1,102
1746,2,95
1747,0,58
1747,1,64
1747,2,18
1748,0,80
1748,1,28
1748,2,5
1749,0,19
1749,1,50
1749,2,85
1750,0,53
1750,1,62
1750,2,24
1751,0,87
1751,1,13
1751,2,7
1752,0,88
1752,1,85
1752,2,100
1753,0,25
1753,1,91
1753,2,94
1754,0,84
1754,1,74
1754,2,99
1755,0,84
1755,1,77
1755,2,50
1756,0,15
1756,1,29
1756,2,46
1757,0,45
1757,1,56
1757,2,16
1758,0,10
1758,1,28
1758,2,23
1759,0,89
1759,1,54
1759,2,17
1760,0,55
1760,1,58
1760,2,44
1761,0,28
1761,1,77
1761,2,10
1762,0,25
1762,1,67
1762,2,44
1763,0,16
1763,1,53
1763,2,9
1764,0,50
1764,1,58
1764,2,7
1765,0,56
1765,1,7
1765,2,67
1766,0,25
1766,1,72
1766,2,0
1767,0,66
1767,1,31
1767,2,3
1768,0,47
1768,1,34
1768,2,87
1769,0,26
1769,1,60
1769,2,40
1770,0,84
1770,1,82
1770,2,39
1771,0,43
1771,1,2
1771,2,77
1772,0,93
1772,1,70
1772,2,67
1773,0,70
1773,1,82
1773,2,7
1774,0,11
1774,1,43
1774,2,84
1775,0,75
1775,1,92
1775,2,56
1776,0,81
1776,1,80
1776,2,84
1777,0,29
1777,1,30
1777,2,55
1778,0,49
1778,1,15
1778,2,89
1779,0,72
1779,1,97
1779,2,61
1780,0,35
1780,1,28
1780,2,98
1781,0,2
1781,1,84
1781,2,53
1782,0,91
1782,1,1
1782,2,33
1783,0,7
1783,1,75
1783,2,30
1784,0,76
1784,1,6
1784,2,68
1785,0,13
1785,1,80
1785,2,102
1786,0,45
1786,1,90
1786,2,30
1787,0,15
1787,1,39
1787,2,33
1788,0,42
1788,1,90
1788,2,30
1789,0,34
1789,1,92
1789,2,27
1790,0,7
1790,1,97
1790,2,87
1791,0,71
1791,1,47
1791,2,5
1792,0,35
1792,1,81
1792,2,27
1793,0,40
1793,1,87
1793,2,58
1794,0,41
1794,1,34
1794,2,95
1795,0,41
1795,1,96
1795,2,30
1796,0,60
1796,1,17
1796,2,10
1797,0,80
1797,1,77
1797,2,23
1798,0,71
1798,1,98
1798,2,14
1799,0,60
1799,1,25
1799,2,85
1800,0,59
1800,1,7
1800,2,83
1801,0,43
1801,1,20
1801,2,84
1802,0,41
1802,1,25
1802,2,51
1803,0,25
1803,1,5
1803,2,58
1804,0,44
1804,1,30
1804,2,84
1805,0,3
1805,1,78
1805,2,91
1806,0,75
1806,1,85
1806,2,46
1807,0,91
1807,1,59
1807,2,6
1808,0,98
1808,1,44
1808,2,33
1809,0,13
1809,1,87
1809,2,71
1810,0,4
1810,1,25
1810,2,38
1811,0,4
1811,1,21
1811,2,13
1812,0,43
1812,1,18
1812,2,55
1813,0,25
1813,1,21
1813,2,3
1814,0,37
1814,1,9
1814,2,61
1815,0,62
1815,1,94
1815,2,0
1816,0,28
1816,1,11
1816,2,2
1817,0,0
1817,1,87
1817,2,34
1818,0,0
1818,1,38
1818,2,90
1819,0,69
1819,1,88
1819,2,66
1820,0,60
1820,1,8
1820,2,21
1821,0,12
1821,1,51
1821,2,29
1822,0,80
1822,1,67
1822,2,54
1823,0,67
1823,1,33
1823,2,60
1824,0,81
1824,1,48
1824,2,47
1825,0,64
1825,1,36
1825,2,93
1826,0,31
1826,1,62
1826,2,49
1827,0,98
1827,1,28
1827,2,21
1828,0,6
1828,1,78
1828,2,99
1829,0,22
1829,1,39
1829,2,84
1830,0,49
1830,1,23
1830,2,89
1831,0,64
1831,1,77
1831,2,52
1832,0,84
1832,1,25
1832,2,56
1833,0,37
1833,1,79
1833,2,57
1834,0,69
1834,1,66
1834,2,93
1835,0,21
1835,1,43
1835,2,45
1836,0,65
1836,1,51
1836,2,86
1837,0,41
1837,1,36
1837,2,28
1838,0,80
1838,1,18
1838,2,72
1839,0,50
1839,1,62
1839,2,101
1840,0,9
1840,1,24
1840,2,80
1841,0,35
1841,1,66
1841,2,72
1842,0,70
1842,1,63
1842,2,80
1843,0,1
1843,1,59
1843,2,24
1844,0,74
1844,1,97
1844,2,100
1845,0,81
1845,1,96
1845,2,51
1846,0,22
1846,1,20
1846,2,82
1847,0,24
1847,1,25
1847,2,70
1848,0,39
1848,1,19
1848,2,95
1849,0,37
1849,1,13
1849,2,88
1850,0,62
1850,1,50
1850,2,88
1851,0,50
1851,1,25
1851,2,83
1852,0,10
1852,1,19
1852,2,86
1853,0,12
1853,1,99
1853,2,16
1854,0,93
1854,1,17
1854,2,92
1855,0,45
1855,1,67
1855,2,23
1856,0,50
1856,1,3
1856,2,99
1857,0,40
1857,1,43
1857,2,26
1858,0,27
1858,1,9
1858,2,10
1859,0,38
1859,1,84
1859,2,47
1860,0,97
1860,1,50
1860,2,20
1861,0,39
1861,1,12
1861,2,20
1862,0,10
1862,1,16
1862,2,14
1863,0,49
1863,1,59
1863,2,50
1864,0,31
1864,1,6
1864,2,21
1865,0,69
1865,1,79
1865,2,93
1866,0,29
1866,1,59
1866,2,98
1867,0,66
1867,1,30
1867,2,19
1868,0,13
1868,1,35
1868,2,19
1869,0,74
1869,1,93
1869,2,87
1870,0,27
1870,1,42
1870,2,81
1871,0,46
1871,1,43
1871,2,14
1872,0,3
1872,1,45
1872,2,84
1873,0,74
1873,1,34
1873,2,80
1874,0,94
1874,1,3
1874,2,100
1875,0,30
1875,1,40
1875,2,40
1876,0,7
1876,1,86
1876,2,12
1877,0,44
1877,1,44
1877,2,30
1878,0,28
1878,1,101
1878,2,47
1879,0,58
1879,1,20
1879,2,40
1880,0,22
1880,1,59
1880,2,65
1881,0,56
1881,1,91
1881,2,88
1882,0,17
1882,1,35
1882,2,85
1883,0,32
1883,1,4
1883,2,20
1884,0,6
1884,1,28
1884,2,88
1885,0,78
1885,1,13
1885,2,78
1886,0,12
1886,1,30
1886,2,65
1887,0,61
1887,1,93
1887,2,27
1888,0,29
1888,1,88
1888,2,24
1889,0,72
1889,1,59
1889,2,46
1890,0,66
1890,1,102
1890,2,100
1891,0,46
1891,1,3
1891,2,94
1892,0,62
1892,1,4
1892,2,90
1893,0,77
1893,1,11
1893,2,6
1894,0,17
1894,1,15
1894,2,68
1895,0,46
1895,1,43
1895,2,0
1896,0,52
1896,1,26
1896,2,14
1897,0,76
1897,1,4
1897,2,36
1898,0,13
1898,1,34
1898,2,55
1899,0,28
1899,1,86
1899,2,33
1900,0,94
1900,1,19
1900,2,70
1901,0,89
1901,1,43
1901,2,2
1902,0,9
1902,1,26
1902,2,93
1903,0,16
1903,1,100
1903,2,41
1904,0,45
1904,1,41
1904,2,21
1905,0,32
1905,1,59
1905,2,25
1906,0,40
1906,1,40
1906,2,38
1907,0,81
1907,1,37
1907,2,62
1908,0,77
1908,1,36
1908,2,76
1909,0,80
1909,1,45
1909,2,7
1910,0,32
1910,1,22
1910,2,100
1911,0,4
1911,1,21
1911,2,32
1912,0,34
1912,1,5
1912,2,5
1913,0,41
1913,1,33
1913,2,35
1914,0,80
1914,1,32
1914,2,85
1915,0,26
1915,1,34
1915,2,30
1916,0,14
1916,1,16
1916,2,64
1917,0,94
1917,1,37
1917,2,83
1918,0,97
1918,1,21
1918,2,7
1919,0,45
1919,1,60
1919,2,31
1920,0,4
1920,1,93
1920,2,7
1921,0,74
1921,1,86
1921,2,23
1922,0,14
1922,1,13
1922,2,82
1923,0,61
1923,1,24
1923,2,91
1924,0,7
1924,1,44
1924,2,89
1925,0,44
1925,1,5
1925,2,5
1926,0,50
1926,1,50
1926,2,53
1927,0,75
1927,1,23
1927,2,58
1928,0,50
1928,1,83
1928,2,47
1929,0,29
1929,1,74
1929,2,19
1930,0,42
1930,1,57
1930,2,24
1931,0,87
1931,1,38
1931,2,93
1932,0,22
1932,1,26
1932,2,8
1933,0,85
1933,1,18
1933,2,102
1934,0,4
1934,1,83
1934,2,11
1935,0,24
1935,1,7
1935,2,102
1936,0,13
1936,1,50
1936,2,22
1937,0,19
1937,1,67
1937,2,4
1938,0,47
1938,1,93
1938,2,37
1939,0,36
1939,1,31
1939,2,51
1940,0,59
1940,1,35
1940,2,91
1941,0,43
1941,1,53
1941,2,93
1942,0,4
1942,1,22
1942,2,40
1943,0,88
1943,1,86
1943,2,36
1944,0,0
1944,1,73
1944,2,40
1945,0,71
1945,1,16
1945,2,61
1946,0,45
1946,1,83
1946,2,75
1947,0,39
1947,1,34
1947,2,0
1948,0,72
1948,1,2
1948,2,24
1949,0,63
1949,1,85
1949,2,40
1950,0,50
1950,1,69
1950,2,25
1951,0,65
1951,1,84
1951,2,23
1952,0,32
1952,1,49
1952,2,66
1953,0,14
1953,1,58
1953,2,24
1954,0,63
1954,1,60
1954,2,19
1955,0,76
1955,1,76
1955,2,50
1956,0,70
1956,1,71
1956,2,70
1957,0,11
1957,1,6
1957,2,62
1958,0,60
1958,1,74
1958,2,3
1959,0,5
1959,1,17
1959,2,82
1960,0,90
1960,1,9
1960,2,90
1961,0,97
1961,1,58
1961,2,46
1962,0,81
1962,1,38
1962,2,22
1963,0,98
1963,1,37
1963,2,52
1964,0,64
1964,1,61
1964,2,82
1965,0,102
1965,1,42
1965,2,31
1966,0,84
1966,1,41
1966,2,44
1967,0,2
1967,1,92
1967,2,76
1968,0,46
1968,1,57
1968,2,11
1969,0,95
1969,1,88
1969,2,1
1970,0,81
1970,1,32
1970,2,75
1971,0,77
1971,1,49
1971,2,81
1972,0,46
1972,1,20
1972,2,100
1973,0,20
1973,1,82
1973,2,42
1974,0,5
1974,1,96
1974,2,92
1975,0,100
1975,1,39
1975,2,10
1976,0,64
1976,1,56
1976,2,94
1977,0,73
1977,1,6
1977,2,54
1978,0,2
1978,1,1
1978,2,56
1979,0,84
1979,1,11
1979,2,57
1980,0,42
1980,1,49
1980,2,60
1981,0,46
1981,1,77
1981,2,10
1982,0,97
1982,1,12
1982,2,43
1983,0,4
1983,1,26
1983,2,63
1984,0,10
1984,1,77
1984,2,74
1985,0,1
1985,1,23
1985,2,85
1986,0,37
1986,1,69
1986,2,68
1987,0,99
1987,1,68
1987,2,36
1988,0,56
1988,1,35
1988,2,24
1989,0,42
1989,1,36
1989,2,67
1990,0,44
1990,1,52
1990,2,78
1991,0,54
1991,1,100
1991,2,92
1992,0,34
1992,1,98
1992,2,3
1993,0,84
1993,1,9
1993,2,93
1994,0,0
1994,1,60
1994,2,47
1995,0,8
1995,1,18
1995,2,55
1996,0,57
1996,1,79
1996,2,5
1997,0,62
1997,1,51
1997,2,38
1998,0,49
1998,1,83
1998,2,64
1999,0,97
1999,1,93
1999,2,33
2000,0,69
2000,1,40
2000,2,64
2001,0,69
2001,1,9
2001,2,49
2002,0,10
2002,1,65
2002,2,36
2003,0,97
2003,1,15
2003,2,49
2004,0,97
2004,1,51
2004,2,34
2005,0,36
2005,1,41
2005,2,46
2006,0,84
2006,1,26
2006,2,0
2007,0,65
2007,1,27
2007,2,33
2008,0,57
2008,1,36
2008,2,88
2009,0,11
2009,1,93
2009,2,66
2010,0,53
2010,1,14
2010,2,16
2011,0,67
2011,1,88
2011,2,11
2012,0,42
2012,1,48
2012,2,32
2013,0,74
2013,1,15
2013,2,46
2014,0,91
2014,1,47
2014,2,80
2015,0,77
2015,1,16
2015,2,19
2016,0,46
2016,1,0
2016,2,65
2017,0,60
2017,1,11
2017,2,39
2018,0,28
2018,1,34
2018,2,62
2019,0,66
2019,1,23
2019,2,17
2020,0,60
2020,1,1
2020,2,100
2021,0,95
2021,1,63
2021,2,30
2022,0,28
2022,1,47
2022,2,85
2023,0,96
2023,1,24
2023,2,11
2024,0,33
2024,1,8
2024,2,14
2025,0,93
2025,1,93
2025,2,40
2026,0,102
2026,1,41
2026,2,93
2027,0,99
2027,1,52
2027,2,62
2028,0,72
2028,1,81
2028,2,24
2029,0,15
2029,1,43
2029,2,66
2030,0,12
2030,1,78
2030,2,13
2031,0,22
2031,1,81
2031,2,8
2032,0,53
2032,1,24
2032,2,53
2033,0,3
2033,1,81
2033,2,79
2034,0,39
2034,1,9
2034,2,95
2035,0,56
2035,1,57
2035,2,14
2036,0,75
2036,1,75
2036,2,94
2037,0,52
2037,1,3
2037,2,4
2038,0,76
2038,1,75
2038,2,83
2039,0,29
2039,1,11
2039,2,102
2040,0,82
2040,1,35
2040,2,68
2041,0,38
2041,1,27
2041,2,88
2042,0,98
2042,1,52
2042,2,30
2043,0,22
2043,1,55
2043,2,55
2044,0,96
2044,1,39
2044,2,75
2045,0,90
2045,1,40
2045,2,45
2046,0,5
2046,1,10
2046,2,52
2047,0,16
2047,1,66
2047,2,74
2048,0,17
2048,1,27
2048,2,53
2049,0,9
2049,1,76
2049,2,47
2050,0,21
2050,1,47
2050,2,81
2051,0,28
2051,1,13
2051,2,4
2052,0,55
2052,1,8
2052,2,65
2053,0,56
2053,1,39
2053,2,51
2054,0,58
2054,1,70
2054,2,41
2055,0,30
2055,1,50
2055,2,67
2056,0,41
2056,1,3
2056,2,57
2057,0,8
2057,1,78
2057,2,13
2058,0,32
2058,1,77
2058,2,14
2059,0,2
2059,1,1
2059,2,23
2060,0,91
2060,1,0
2060,2,46
2061,0,96
2061,1,38
2061,2,8
2062,0,17
2062,1,102
2062,2,35
2063,0,87
2063,1,79
2063,2,17
2064,0,4
2064,1,95
2064,2,42
2065,0,68
2065,1,16
2065,2,34
2066,0,69
2066,1,25
2066,2,41
2067,0,63
2067,1,75
2067,2,66
2068,0,41
2068,1,93
2068,2,52
2069,0,89
2069,1,45
2069,2,12
2070,0,52
2070,1,2
2070,2,5
2071,0,26
2071,1,3
2071,2,90
2072,0,89
2072,1,26
2072,2,77
2073,0,39
2073,1,62
2073,2,24
2074,0,70
2074,1,43
2074,2,0
2075,0,50
2075,1,2
2075,2,56
2076,0,15
2076,1,72
2076,2,23
2077,0,34
2077,1,43
2077,2,4
2078,0,65
2078,1,90
2078,2,72
2079,0,63
2079,1,64
2079,2,65
2080,0,96
2080,1,39
2080,2,68
2081,0,31
2081,1,65
2081,2,46
2082,0,34
2082,1,71
2082,2,101
2083,0,95
2083,1,36
2083,2,68
2084,0,57
2084,1,24
2084,2,28
2085,0,94
2085,1,69
2085,2,47
2086,0,99
2086,1,3
2086,2,36
2087,0,40
2087,1,66
2087,2,90
2088,0,38
2088,1,13
2088,2,6
2089,0,35
2089,1,22
2089,2,29
2090,0,7
2090,1,94
2090,2,47
2091,0,27
2091,1,44
2091,2,21
2092,0,7
2092,1,56
2092,2,35
2093,0,92
2093,1,21
2093,2,76
2094,0,66
2094,1,23
2094,2,20
2095,0,75
2095,1,54
2095,2,100
2096,0,97
2096,1,4
2096,2,15
2097,0,98
2097,1,86
2097,2,12
2098,0,63
2098,1,97
2098,2,77
2099,0,12
2099,1,69
2099,2,12
2100,0,76
2100,1,76
2100,2,39
2101,0,40
2101,1,24
2101,2,8
2102,0,84
2102,1,49
2102,2,20
2103,0,93
2103,1,93
2103,2,4
2104,0,6
2104,1,26
2104,2,65
2105,0,96
2105,1,20
2105,2,33
2106,0,36
2106,1,37
2106,2,47
2107,0,101
2107,1,65
2107,2,8
2108,0,77
2108,1,84
2108,2,12
2109,0,5
2109,1,38
2109,2,74
2110,0,26
2110,1,39
2110,2,78
2111,0,1
2111,1,88
2111,2,89
2112,0,66
2112,1,9
2112,2,88
2113,0,45
2113,1,52
2113,2,3
2114,0,56
2114,1,89
2114,2,8
2115,0,25
2115,1,91
2115,2,59
2116,0,69
2116,1,64
2116,2,69
2117,0,24
2117,1,72
2117,2,44
2118,0,5
2118,1,29
2118,2,57
2119,0,38
2119,1,21
2119,2,10
2120,0,71
2120,1,88
2120,2,24
2121,0,101
2121,1,9
2121,2,3
2122,0,52
2122,1,27
2122,2,73
2123,0,90
2123,1,20
2123,2,61
2124,0,49
2124,1,54
2124,2,39
2125,0,99
2125,1,89
2125,2,79
2126,0,0
2126,1,92
2126,2,100
2127,0,10
2127,1,2
2127,2,50
2128,0,1
2128,1,19
2128,2,16
2129,0,81
2129,1,23
2129,2,86
2130,0,30
2130,1,26
2130,2,27
2131,0,99
2131,1,3
2131,2,35
2132,0,49
2132,1,21
2132,2,100
2133,0,26
2133,1,21
2133,2,27
2134,0,97
2134,1,0
2134,2,99
2135,0,25
2135,1,20
2135,2,1
2136,0,38
2136,1,5
2136,2,42
2137,0,91
2137,1,56
2137,2,71
2138,0,52
2138,1,92
2138,2,8
2139,0,102
2139,1,53
2139,2,49
2140,0,82
2140,1,60
2140,2,101
2141,0,58
2141,1,53
2141,2,20
2142,0,0
2142,1,98
2142,2,78
2143,0,80
2143,1,23
2143,2,76
2144,0,97
2144,1,50
2144,2,14
2145,0,87
2145,1,24
2145,2,96
2146,0,93
2146,1,21
2146,2,85
2147,0,94
2147,1,43
2147,2,71
2148,0,88
2148,1,34
2148,2,21
2149,0,81
2149,1,95
2149,2,33
2150,0,67
2150,1,87
2150,2,22
2151,0,97
2151,1,38
2151,2,21
2152,0,28
2152,1,67
2152,2,40
2153,0,5
2153,1,92
2153,2,14
2154,0,66
2154,1,33
2154,2,98
2155,0,47
2155,1,22
2155,2,22
2156,0,63
2156,1,51
2156,2,55
2157,0,81
2157,1,19
2157,2,79
2158,0,18
2158,1,79
2158,2,74
2159,0,60
2159,1,35
2159,2,5
2160,0,85
2160,1,67
2160,2,57
2161,0,42
2161,1,66
2161,2,41
2162,0,15
2162,1,67
2162,2,59
2163,0,42
2163,1,16
2163,2,28
2164,0,36
2164,1,54
2164,2,11
2165,0,70
2165,1,24
2165,2,42
2166,0,51
2166,1,47
2166,2,100
2167,0,22
2167,1,102
2167,2,15
2168,0,13
2168,1,66
2168,2,75
2169,0,91
2169,1,22
2169,2,40
2170,0,80
2170,1,2
2170,2,34
2171,0,7
2171,1,39
2171,2,10
2172,0,37
2172,1,31
2172,2,69
2173,0,43
2173,1,44
2173,2,1
2174,0,57
2174,1,58
2174,2,33
2175,0,5
2175,1,24
2175,2,8
2176,0,22
2176,1,96
2176,2,61
2177,0,8
2177,1,17
2177,2,82
2178,0,76
2178,1,38
2178,2,9
2179,0,28
2179,1,63
2179,2,77
2180,0,43
2180,1,1
2180,2,98
2181,0,97
2181,1,15
2181,2,92
2182,0,64
2182,1,69
2182,2,69
2183,0,16
2183,1,81
2183,2,18
2184,0,78
2184,1,55
2184,2,65
2185,0,102
2185,1,31
2185,2,101
2186,0,46
2186,1,15
2186,2,8
2187,0,30
2187,1,66
2187,2,68
2188,0,43
2188,1,1
2188,2,95
2189,0,94
2189,1,97
2189,2,6
2190,0,25
2190,1,12
2190,2,58
2191,0,44
2191,1,6
2191,2,36
2192,0,55
2192,1,4
2192,2,97
2193,0,48
2193,1,62
2193,2,74
2194,0,58
2194,1,55
2194,2,10
2195,0,22
2195,1,87
2195,2,27
2196,0,30
2196,1,93
2196,2,92
2197,0,79
2197,1,39
2197,2,28
2198,0,5
2198,1,71
2198,2,29
2199,0,68
2199,1,95
2199,2,70
2200,0,84
2200,1,70
2200,2,64
2201,0,76
2201,1,19
2201,2,78
2202,0,34
2202,1,91
2202,2,89
2203,0,87
2203,1,15
2203,2,98
2204,0,12
2204,1,49
2204,2,0
2205,0,32
2205,1,4
2205,2,43
2206,0,45
2206,1,91
2206,2,79
2207,0,95
2207,1,13
2207,2,68
2208,0,26
2208,1,19
2208,2,82
2209,0,51
2209,1,31
2209,2,77
2210,0,57
2210,1,87
2210,2,13
2211,0,90
2211,1,76
2211,2,72
2212,0,49
2212,1,98
2212,2,1
2213,0,63
2213,1,57
2213,2,20
2214,0,40
2214,1,52
2214,2,79
2215,0,40
2215,1,26
2215,2,5
2216,0,0
2216,1,37
2216,2,65
2217,0,97
2217,1,40
2217,2,22
2218,0,77
2218,1,34
2218,2,39
2219,0,91
2219,1,83
2219,2,76
2220,0,78
2220,1,60
2220,2,36
2221,0,72
2221,1,9
2221,2,31
2222,0,19
2222,1,30
2222,2,84
2223,0,40
2223,1,19
2223,2,61
2224,0,9
2224,1,68
2224,2,95
2225,0,43
2225,1,31
2225,2,50
2226,0,28
2226,1,35
2226,2,98
2227,0,43
2227,1,37
2227,2,52
2228,0,71
2228,1,7
2228,2,72
2229,0,66
2229,1,67
2229,2,53
2230,0,43
2230,1,21
2230,2,67
2231,0,63
2231,1,74
2231,2,87
2232,0,50
2232,1,16
2232,2,19
2233,0,13
2233,1,44
2233,2,44
2234,0,52
2234,1,56
2234,2,22
2235,0,34
2235,1,37
2235,2,71
2236,0,22
2236,1,9
2236,2,30
2237,0,47
2237,1,0
2237,2,45
2238,0,59
2238,1,8
2238,2,40
2239,0,27
2239,1,19
2239,2,73
2240,0,34
2240,1,64
2240,2,73
2241,0,25
2241,1,24
2241,2,15
2242,0,63
2242,1,37
2242,2,31
2243,0,85
2243,1,100
2243,2,27
2244,0,59
2244,1,65
2244,2,84
2245,0,37
2245,1,31
2245,2,68
2246,0,76
2246,1,93
2246,2,56
2247,0,9
2247,1,101
2247,2,95
2248,0,73
2248,1,8
2248,2,78
2249,0,80
2249,1,57
2249,2,74
2250,0,10
2250,1,5
2250,2,55
2251,0,90
2251,1,54
2251,2,85
2252,0,7
2252,1,14
2252,2,95
2253,0,67
2253,1,6
2253,2,23
2254,0,83
2254,1,68
2254,2,71
2255,0,69
2255,1,7
2255,2,98
2256,0,16
2256,1,6
2256,2,72
2257,0,79
2257,1,79
2257,2,34
2258,0,53
2258,1,21
2258,2,43
2259,0,102
2259,1,94
2259,2,0
2260,0,64
2260,1,26
2260,2,14
2261,0,48
2261,1,28
2261,2,23
2262,0,20
2262,1,12
2262,2,30
2263,0,49
2263,1,26
2263,2,46
2264,0,64
2264,1,42
2264,2,32
2265,0,91
2265,1,31
2265,2,51
2266,0,56
2266,1,18
2266,2,12
2267,0,99
2267,1,82
2267,2,8
2268,0,14
2268,1,85
2268,2,47
2269,0,42
2269,1,24
2269,2,4
2270,0,36
2270,1,91
2270,2,35
2271,0,67
2271,1,5
2271,2,95
2272,0,75
2272,1,18
2272,2,23
2273,0,16
2273,1,0
2273,2,6
2274,0,87
2274,1,82
2274,2,96
2275,0,26
2275,1,1
2275,2,83
2276,0,49
2276,1,80
2276,2,53
2277,0,53
2277,1,33
2277,2,22
2278,0,90
2278,1,63
2278,2,27
2279,0,74
2279,1,79
2279,2,81
2280,0,72
2280,1,21
2280,2,101
2281,0,6
2281,1,24
2281,2,95
2282,0,61
2282,1,98
2282,2,75
2283,0,54
2283,1,101
2283,2,32
2284,0,5
2284,1,16
2284,2,46
2285,0,25
2285,1,44
2285,2,62
2286,0,26
2286,1,16
2286,2,63
2287,0,102
2287,1,72
2287,2,54
2288,0,1
2288,1,7
2288,2,40
2289,0,75
2289,1,82
2289,2,33
2290,0,5
2290,1,35
2290,2,53
2291,0,48
2291,1,72
2291,2,16
2292,0,98
2292,1,18
2292,2,35
2293,0,66
2293,1,12
2293,2,15
2294,0,94
2294,1,4
2294,2,68
2295,0,52
2295,1,85
2295,2,30
2296,0,3
2296,1,38
2296,2,73
2297,0,73
2297,1,82
2297,2,31
2298,0,20
2298,1,89
2298,2,17
2299,0,5
2299,1,11
2299,2,87
2300,0,90
2300,1,29
2300,2,91
2301,0,95
2301,1,2
2301,2,48
2302,0,71
2302,1,88
2302,2,87
2303,0,96
2303,1,59
2303,2,85
2304,0,5
2304,1,94
2304,2,100
2305,0,56
2305,1,51
2305,2,0
2306,0,71
2306,1,73
2306,2,32
2307,0,51
2307,1,74
2307,2,75
2308,0,32
2308,1,77
2308,2,2
2309,0,11
2309,1,10
2309,2,70
2310,0,64
2310,1,68
2310,2,65
2311,0,68
2311,1,98
2311,2,18
2312,0,34
2312,1,4
2312,2,32
2313,0,93
2313,1,43
2313,2,68
2314,0,13
2314,1,38
2314,2,80
2315,0,84
2315,1,41
2315,2,12
2316,0,33
2316,1,96
2316,2,24
2317,0,57
2317,1,101
2317,2,74
2318,0,67
2318,1,43
2318,2,48
2319,0,77
2319,1,69
2319,2,47
2320,0,50
2320,1,35
2320,2,47
2321,0,49
2321,1,91
2321,2,6
2322,0,53
2322,1,32
2322,2,10
2323,0,28
2323,1,96
2323,2,8
2324,0,33
2324,1,61
2324,2,96
2325,0,0
2325,1,10
2325,2,93
2326,0,22
2326,1,48
2326,2,19
2327,0,37
2327,1,94
2327,2,5
2328,0,76
2328,1,40
2328,2,58
2329,0,19
2329,1,52
2329,2,69
2330,0,72
2330,1,26
2330,2,55
2331,0,84
2331,1,4
2331,2,65
2332,0,9
2332,1,30
2332,2,38
2333,0,75
2333,1,16
2333,2,54
2334,0,89
2334,1,32
2334,2,93
2335,0,95
2335,1,64
2335,2,67
2336,0,84
2336,1,82
2336,2,52
2337,0,35
2337,1,72
2337,2,47
2338,0,23
2338,1,39
2338,2,69
2339,0,17
2339,1,85
2339,2,49
2340,0,49
2340,1,66
2340,2,8
2341,0,17
2341,1,67
2341,2,84
2342,0,54
2342,1,4
2342,2,10
2343,0,12
2343,1,65
2343,2,5
2344,0,71
2344,1,82
2344,2,25
2345,0,61
2345,1,97
2345,2,85
2346,0,99
2346,1,49
2346,2,86
2347,0,34
2347,1,49
2347,2,54
2348,0,87
2348,1,86
2348,2,52
2349,0,69
2349,1,45
2349,2,81
2350,0,68
2350,1,28
2350,2,102
2351,0,6
2351,1,48
2351,2,73
2352,0,83
2352,1,22
2352,2,53
2353,0,21
2353,1,60
2353,2,13
2354,0,77
2354,1,21
2354,2,77
2355,0,9
2355,1,48
2355,2,93
2356,0,11
2356,1,30
2356,2,76
2357,0,88
2357,1,23
2357,2,18
2358,0,14
2358,1,26
2358,2,91
2359,0,10
2359,1,54
2359,2,1
2360,0,49
2360,1,51
2360,2,45
2361,0,23
2361,1,88
2361,2,76
2362,0,33
2362,1,80
2362,2,88
2363,0,52
2363,1,16
2363,2,51
2364,0,81
2364,1,72
2364,2,38
2365,0,95
2365,1,85
2365,2,50
2366,0,43
2366,1,31
2366,2,65
2367,0,94
2367,1,79
2367,2,28
2368,0,1
2368,1,6
2368,2,62
2369,0,58
2369,1,96
2369,2,12
2370,0,44
2370,1,80
2370,2,102
2371,0,92
2371,1,91
2371,2,81
2372,0,40
2372,1,24
2372,2,76
2373,0,37
2373,1,36
2373,2,9
2374,0,23
2374,1,53
2374,2,30
2375,0,71
2375,1,83
2375,2,45
2376,0,75
2376,1,33
2376,2,102
2377,0,64
2377,1,43
2377,2,44
2378,0,31
2378,1,100
2378,2,76
2379,0,78
2379,1,33
2379,2,60
2380,0,7
2380,1,0
2380,2,14
2381,0,6
2381,1,34
2381,2,97
2382,0,99
2382,1,89
2382,2,25
2383,0,78
2383,1,97
2383,2,66
2384,0,75
2384,1,57
2384,2,76
2385,0,84
2385,1,45
2385,2,74
2386,0,83
2386,1,92
2386,2,14
2387,0,99
2387,1,45
2387,2,64
2388,0,55
2388,1,86
2388,2,61
2389,0,6
2389,1,17
2389,2,25
2390,0,78
2390,1,35
2390,2,54
2391,0,42
2391,1,52
2391,2,77
2392,0,47
2392,1,96
2392,2,85
2393,0,18
2393,1,37
2393,2,95
2394,0,52
2394,1,59
2394,2,9
2395,0,56
2395,1,48
2395,2,90
2396,0,58
2396,1,30
2396,2,78
2397,0,79
2397,1,90
2397,2,9
2398,0,27
2398,1,65
2398,2,72
2399,0,5
2399,1,33
2399,2,6
2400,0,44
2400,1,62
2400,2,76
2401,0,87
2401,1,34
2401,2,37
2402,0,88
2402,1,86
2402,2,60
2403,0,98
2403,1,59
2403,2,93
2404,0,56
2404,1,28
2404,2,4
2405,0,36
2405,1,22
2405,2,18
2406,0,16
2406,1,91
2406,2,27
2407,0,31
2407,1,33
2407,2,43
2408,0,96
2408,1,80
2408,2,48
2409,0,99
2409,1,91
2409,2,46
2410,0,27
2410,1,15
2410,2,9
2411,0,65
2411,1,14
2411,2,79
2412,0,72
2412,1,46
2412,2,18
2413,0,68
2413,1,82
2413,2,79
2414,0,8
2414,1,16
2414,2,65
2415,0,56
2415,1,46
2415,2,39
2416,0,93
2416,1,33
2416,2,80
2417,0,99
2417,1,39
2417,2,14
2418,0,55
2418,1,71
2418,2,40
2419,0,83
2419,1,85
2419,2,63
2420,0,55
2420,1,21
2420,2,60
2421,0,20
2421,1,40
2421,2,98
2422,0,3
2422,1,38
2422,2,35
2423,0,81
2423,1,42
2423,2,14
2424,0,30
2424,1,6
2424,2,67
2425,0,95
2425,1,11
2425,2,67
2426,0,55
2426,1,79
2426,2,2
2427,0,43
2427,1,88
2427,2,75
2428,0,79
2428,1,93
2428,2,3
2429,0,102
2429,1,5
2429,2,54
2430,0,95
2430,1,95
2430,2,91
2431,0,95
2431,1,21
2431,2,3
2432,0,23
2432,1,18
2432,2,9
2433,0,81
2433,1,36
2433,2,82
2434,0,85
2434,1,17
2434,2,97
2435,0,42
2435,1,54
2435,2,31
2436,0,98
2436,1,41
2436,2,16
2437,0,83
2437,1,93
2437,2,87
2438,0,20
2438,1,82
2438,2,34
2439,0,35
2439,1,69
2439,2,94
2440,0,83
2440,1,61
2440,2,98
2441,0,58
2441,1,39
2441,2,75
2442,0,21
2442,1,79
2442,2,41
2443,0,21
2443,1,97
2443,2,101
2444,0,27
2444,1,39
2444,2,50
2445,0,33
2445,1,21
2445,2,2
2446,0,18
2446,1,11
2446,2,10
2447,0,76
2447,1,38
2447,2,78
2448,0,78
2448,1,8
2448,2,44
2449,0,14
2449,1,96
2449,2,17
2450,0,78
2450,1,94
2450,2,20
2451,0,81
2451,1,98
2451,2,63
2452,0,79
2452,1,88
2452,2,45
2453,0,48
2453,1,47
2453,2,82
2454,0,64
2454,1,96
2454,2,84
2455,0,9
2455,1,99
2455,2,67
2456,0,35
2456,1,95
2456,2,2
2457,0,21
2457,1,30
2457,2,53
2458,0,18
2458,1,65
2458,2,30
2459,0,42
2459,1,51
2459,2,86
2460,0,29
2460,1,61
2460,2,12
2461,0,57
2461,1,71
2461,2,21
2462,0,48
2462,1,40
2462,2,63
2463,0,91
2463,1,9
2463,2,82
2464,0,96
2464,1,4
2464,2,77
2465,0,65
2465,1,52
2465,2,69
2466,0,65
2466,1,58
2466,2,83
2467,0,81
2467,1,90
2467,2,0
2468,0,100
2468,1,101
2468,2,48
2469,0,100
2469,1,30
2469,2,62
2470,0,23
2470,1,22
2470,2,38
2471,0,101
2471,1,85
2471,2,29
2472,0,80
2472,1,3
2472,2,16
2473,0,7
2473,1,70
2473,2,55
2474,0,34
2474,1,32
2474,2,91
2475,0,15
2475,1,20
2475,2,40
2476,0,40
2476,1,43
2476,2,76
2477,0,25
2477,1,74
2477,2,44
2478,0,82
2478,1,16
2478,2,97
2479,0,84
2479,1,2
2479,2,78
2480,0,55
2480,1,51
2480,2,90
2481,0,48
2481,1,77
2481,2,75
2482,0,30
2482,1,42
2482,2,19
2483,0,32
2483,1,13
2483,2,75
2484,0,26
2484,1,89
2484,2,44
2485,0,40
2485,1,80
2485,2,31
2486,0,98
2486,1,101
2486,2,56
2487,0,25
2487,1,41
2487,2,51
2488,0,9
2488,1,8
2488,2,31
2489,0,83
2489,1,12
2489,2,92
2490,0,92
2490,1,38
2490,2,42
2491,0,3
2491,1,18
2491,2,52
2492,0,53
2492,1,6
2492,2,3
2493,0,75
2493,1,90
2493,2,43
2494,0,98
2494,1,20
2494,2,32
2495,0,24
2495,1,10
2495,2,67
2496,0,78
2496,1,63
2496,2,70
2497,0,14
2497,1,65
2497,2,43
2498,0,102
2498,1,46
2498,2,92
2499,0,34
2499,1,66
2499,2,46
2500,0,44
2500,1,52
2500,2,72
2501,0,77
2501,1,85
2501,2,56
2502,0,46
2502,1,85
2502,2,30
2503,0,26
2503,1,74
2503,2,49
2504,0,40
2504,1,27
2504,2,1
2505,0,33
2505,1,96
2505,2,96
2506,0,46
2506,1,43
2506,2,72
2507,0,55
2507,1,68
2507,2,99
2508,0,5
2508,1,88
2508,2,90
2509,0,32
2509,1,70
2509,2,28
2510,0,61
2510,1,39
2510,2,14
2511,0,64
2511,1,46
2511,2,15
2512,0,82
2512,1,78
2512,2,1
2513,0,62
2513,1,83
2513,2,81
2514,0,56
2514,1,49
2514,2,0
2515,0,52
2515,1,85
2515,2,42
2516,0,16
2516,1,43
2516,2,24
2517,0,58
2517,1,91
2517,2,16
2518,0,74
2518,1,79
2518,2,11
2519,0,15
2519,1,40
2519,2,29
2520,0,83
2520,1,8
2520,2,100
2521,0,5
2521,1,20
2521,2,102
2522,0,3
2522,1,57
2522,2,45
2523,0,18
2523,1,4
2523,2,64
2524,0,36
2524,1,17
2524,2,101
2525,0,34
2525,1,57
2525,2,77
2526,0,2
2526,1,46
2526,2,61
2527,0,84
2527,1,56
2527,2,67
2528,0,40
2528,1,55
2528,2,88
2529,0,57
2529,1,30
2529,2,79
2530,0,15
2530,1,98
2530,2,30
2531,0,49
2531,1,7
2531,2,23
2532,0,5
2532,1,10
2532,2,86
2533,0,32
2533,1,33
2533,2,35
2534,0,59
2534,1,71
2534,2,25
2535,0,98
2535,1,52
2535,2,60
2536,0,4
2536,1,27
2536,2,22
2537,0,62
2537,1,95
2537,2,101
2538,0,31
2538,1,21
2538,2,59
2539,0,33
2539,1,67
2539,2,98
2540,0,37
2540,1,64
2540,2,30
2541,0,92
2541,1,70
2541,2,48
2542,0,50
2542,1,42
2542,2,96
2543,0,31
2543,1,3
2543,2,11
2544,0,91
2544,1,81
2544,2,24
2545,0,70
2545,1,22
2545,2,2
2546,0,62
2546,1,53
2546,2,35
2547,0,94
2547,1,54
2547,2,40
2548,0,50
2548,1,13
2548,2,36
2549,0,95
2549,1,35
2549,2,35
2550,0,74
2550,1,56
2550,2,22
2551,0,29
2551,1,59
2551,2,53
2552,0,20
2552,1,64
2552,2,55
2553,0,71
2553,1,43
2553,2,39
2554,0,44
2554,1,93
2554,2,15
2555,0,85
2555,1,12
2555,2,67
2556,0,81
2556,1,82
2556,2,16
2557,0,16
2557,1,28
2557,2,27
2558,0,76
2558,1,78
2558,2,74
2559,0,61
2559,1,6
2559,2,92
2560,0,97
2560,1,72
2560,2,24
2561,0,68
2561,1,67
2561,2,21
2562,0,37
2562,1,87
2562,2,82
2563,0,32
2563,1,43
2563,2,29
2564,0,23
2564,1,67
2564,2,5
2565,0,57
2565,1,86
2565,2,33
2566,0,32
2566,1,59
2566,2,72
2567,0,62
2567,1,71
2567,2,80
2568,0,0
2568,1,57
2568,2,28
2569,0,5
2569,1,77
2569,2,61
2570,0,95
2570,1,18
2570,2,50
2571,0,6
2571,1,30
2571,2,6
2572,0,66
2572,1,67
2572,2,53
2573,0,43
2573,1,1
2573,2,2
2574,0,37
2574,1,77
2574,2,36
2575,0,21
2575,1,71
2575,2,75
2576,0,8
2576,1,27
2576,2,86
2577,0,46
2577,1,60
2577,2,42
2578,0,56
2578,1,19
2578,2,41
2579,0,15
2579,1,63
2579,2,57
2580,0,81
2580,1,8
2580,2,6
2581,0,96
2581,1,72
2581,2,83
2582,0,59
2582,1,32
2582,2,59
2583,0,10
2583,1,68
2583,2,69
2584,0,72
2584,1,15
2584,2,47
2585,0,68
2585,1,17
2585,2,19
2586,0,85
2586,1,96
2586,2,35
2587,0,58
2587,1,48
2587,2,52
2588,0,82
2588,1,96
2588,2,84
2589,0,56
2589,1,11
2589,2,10
