step, agente, lucro, variabilidade, sustentabilidade, erroEls, erroAnteriorEls, erroEsv, erroAnteriorEsv, erroEvl, erroAnteriorEvl, saidaEvl, saidaEls, saidaEsv, fila
1,0,0,0,0,0,0,0,0,0,0,0,0,0,0
1,1,0.581077717572534,1.0,0.7,0,0,0,0,0,0,-0.5,0.5,0.5,1
1,2,0.581077717572534,1.0,0.7,0,-0.16988897489637994,0,-0.30000000000000004,0,0.7209401939856235,-0.1,0.1,0.1,1
2,0,0.6007835805510247,1.0,0.5666666666666667,0,-0.16988897489637994,0,-0.30000000000000004,0,0.7209401939856235,0.0,-0.5,0.5,2
2,1,0.5293697162134116,0.9333333333333332,0.5722222222222222,0,0.0602063186194553,0,-0.43333333333333335,0,0.6644928929030041,-0.5,0.5,0.007142857142857029,1
2,2,0.5293697162134116,0.9333333333333332,0.5722222222222222,0,-0.07488787457850402,0,-0.38690476190476186,0,0.7631029972954982,-0.1,0.1,0.1,1
3,0,0.5458499405992289,0.9249999999999999,0.5680555555555555,0,-0.07488787457850402,0,-0.38690476190476186,0,0.7631029972954982,0.0,0.004585513572608661,0.09796224796224798,2
3,1,0.5126657913490846,0.9199999999999999,0.5655555555555555,0,-0.03909056911627189,0,-0.38588588588588585,0,0.69460492930446,-0.5,0.4559479149187483,0.09875962919441197,1
3,2,0.5126657913490846,0.9199999999999999,0.5655555555555555,0,-0.09351824712342587,0,-0.38526570048309183,0,0.7945414254752822,-0.1,0.10000000000000002,0.1,1
4,0,0.5126657913490846,0.9199999999999999,0.5655555555555555,0,-0.09351824712342587,0,-0.38526570048309183,0,0.7945414254752822,-0.1,0.10000000000000002,0.1,1
4,1,0.5126657913490846,0.9199999999999999,0.5655555555555555,0,-0.09351824712342587,0,-0.38526570048309183,0,0.7945414254752822,-0.1,0.10000000000000002,0.1,1
4,2,0.505226276621392,0.9166666666666666,0.5268518518518518,0,-0.09351824712342587,0,-0.38526570048309183,0,0.7945414254752822,-0.258616991941634,-0.020793715759462636,0.4198945981554675,2
5,0,0.4667001174188778,0.8142857142857143,0.5944444444444444,0,-0.041046786026180344,0,-0.42525252525252527,0,0.8143685494679864,0.0,0.5,0.0,1
5,1,0.4667001174188778,0.8142857142857143,0.5944444444444444,0,-0.2148969987345981,0,-0.2699805068226121,0,0.7447728935428307,-0.1,0.1,0.1,1
5,2,0.453659472752161,0.8125,0.5565972222222222,0,-0.2148969987345981,0,-0.2699805068226121,0,0.7447728935428307,-0.4697442738871528,0.040088371181803445,0.4598140650772232,2
6,0,0.453659472752161,0.8125,0.5565972222222222,0,-0.18494118432549983,0,-0.314957264957265,0,0.7909909277787248,-0.1,0.1,0.1,1
6,1,0.453659472752161,0.8125,0.5565972222222222,0,-0.18494118432549983,0,-0.314957264957265,0,0.7909909277787248,-0.1,0.1,0.1,1
6,2,0.44291668018511066,0.8111111111111111,0.5317901234567901,0,-0.18494118432549983,0,-0.314957264957265,0,0.7909909277787248,-0.42243274523319074,0.0643601806238018,0.3352886078913472,2
7,0,0.4592098413268351,0.8099999999999999,0.5411111111111111,0,-0.16712127463740073,0,-0.3443683409436834,0,0.8312950209328737,0.0,0.06847261625229664,0.0751865005543341,2
7,1,0.4592098413268351,0.8099999999999999,0.5411111111111111,0,-0.15135758276354905,0,-0.33196159122085045,0,0.7638994792872822,-0.1,0.1,0.1,1
7,2,0.4300131404653994,0.7636363636363637,0.5323232323232323,0,-0.15135758276354905,0,-0.33196159122085045,0,0.7638994792872822,-0.19555817903048514,0.42670276770951393,0.04189692337840503,1
8,0,0.4300131404653994,0.7636363636363637,0.5323232323232323,0,-0.1921954287272383,0,-0.30291005291005296,0,0.7758442516660928,-0.1,0.1,0.1,1
8,1,0.4047661600282553,0.7250000000000001,0.525,0,-0.1921954287272383,0,-0.30291005291005296,0,0.7758442516660928,-0.22250710769758922,0.3945712745134421,0.045904032110928666,1
8,2,0.4047661600282553,0.7250000000000001,0.525,0,-0.22901683804141856,0,-0.2758620689655173,0,0.7911576401282915,-0.1,0.1,0.1,1
9,0,0.3787658405108613,0.6846153846153846,0.5230769230769231,0,-0.22901683804141856,0,-0.2758620689655173,0,0.7911576401282915,-0.23065709529450676,0.4749759702084202,0.02018597442851591,1
9,1,0.35403357705140953,0.65,0.5214285714285715,0,-0.2758888343174711,0,-0.23595505617977525,0,0.8074897770401048,-0.3279541694243798,0.46114129398655146,0.02369428324484504,1
9,2,0.3339877836287181,0.6199999999999999,0.49777777777777776,0,-0.32103149606579,0,-0.19780219780219777,0,0.8359840482181523,-0.2629701993052812,0.1640872231549956,0.09866083737051459,1
10,0,0.3158891806313583,0.59375,0.4666666666666667,0,-0.32904239896016446,0,-0.19713261648745506,0,0.8563553231313125,-0.2860763448929585,0.08810442794527842,0.23521976985474546,2
10,1,0.3158891806313583,0.59375,0.4666666666666667,0,-0.32309461293280367,0,-0.21403508771929824,0,0.8796148662429323,-0.1,0.1,0.1,1
10,2,0.3003779272185401,0.5647058823529412,0.4784313725490196,0,-0.32309461293280367,0,-0.21403508771929824,0,0.8796148662429323,-0.10295800327977692,0.4925302151783749,0.0,1
11,0,0.3003779272185401,0.5647058823529412,0.4784313725490196,0,-0.37216088983010054,0,-0.15277777777777782,0,0.8799846166529044,-0.1,0.1,0.1,1
11,1,0.30962233748690776,0.5777777777777778,0.4749999999999999,0,-0.37216088983010054,0,-0.15277777777777782,0,0.8799846166529044,-0.07217607938313045,0.05200522039492397,0.30085470085470234,2
11,2,0.2939347068244474,0.5526315789473685,0.5026315789473683,0,-0.3481635000275625,0,-0.1778846153846156,0,0.8660726563444696,-0.21235310960687617,0.5,0.0,1
12,0,0.2939347068244474,0.5526315789473685,0.5026315789473683,0,-0.41520843668434537,0,-0.09047619047619075,0,0.8801167950453291,-0.1,0.1,0.10000000000000002,2
12,1,0.2939347068244474,0.5526315789473685,0.5026315789473683,0,-0.41520843668434537,0,-0.09047619047619075,0,0.8801167950453291,-0.1,0.1,0.10000000000000002,2
12,2,0.2939347068244474,0.5526315789473685,0.5026315789473683,0,-0.41520843668434537,0,-0.09047619047619075,0,0.8801167950453291,-0.1,0.1,0.10000000000000002,2
13,0,0.28615496067954205,0.5349999999999999,0.5025,0,-0.41520843668434537,0,-0.09047619047619075,0,0.8801167950453291,-0.07899915799462379,0.22263163998526359,0.04338624338624294,1
13,1,0.2901722183112814,0.5476190476190477,0.4944444444444444,0,-0.4305373916825033,0,-0.06074766355140183,0,0.869616374042641,-0.24083545286944333,0.06519489537587744,0.36061415220294,2
13,2,0.28309191524562266,0.5363636363636364,0.48207070707070704,0,-0.41313483937044204,0,-0.09710144927536248,0,0.8872208056513214,-0.15953356876585936,0.09924736225160849,0.13298124948824963,2
14,0,0.28309191524562266,0.5363636363636364,0.48207070707070704,0,-0.4127585204962463,0,-0.10122410546139368,0,0.8946625017470539,-0.1,0.1,0.1,1
14,1,0.28309191524562266,0.5363636363636364,0.48207070707070704,0,-0.4127585204962463,0,-0.10122410546139368,0,0.8946625017470539,-0.1,0.1,0.1,1
14,2,0.28309191524562266,0.5363636363636364,0.48207070707070704,0,-0.4127585204962463,0,-0.10122410546139368,0,0.8946625017470539,-0.1,0.1,0.1,1
15,0,0.28309191524562266,0.5363636363636364,0.48207070707070704,0,-0.4127585204962463,0,-0.10122410546139368,0,0.8946625017470539,-0.1,0.1,0.1,1
15,1,0.28309191524562266,0.5363636363636364,0.48207070707070704,0,-0.4127585204962463,0,-0.10122410546139368,0,0.8946625017470539,-0.1,0.1,0.1,1
15,2,0.29549875851582014,0.5478260869565218,0.4864734299516908,0,-0.4127585204962463,0,-0.10122410546139368,0,0.8946625017470539,-0.018481348776524877,0.05962212459291419,0.186150718919081,2
16,0,0.2847791081757985,0.5291666666666667,0.4939814814814814,0,-0.3925695827927034,0,-0.1119929453262788,0,0.8539031761353163,-0.1340972631130443,0.3474630290568749,0.0152506267139007,1
16,1,0.2847791081757985,0.5291666666666667,0.4939814814814814,0,-0.42350246142481274,0,-0.06649168853893278,0,0.8581653340244468,-0.1,0.1,0.09999999999999999,1
16,2,0.2738488796244857,0.5159999999999999,0.47422222222222216,0,-0.42350246142481274,0,-0.06649168853893278,0,0.8581653340244468,-0.30868458925645237,0.09805603468534577,0.17333112835954184,2
17,0,0.2883009868314111,0.5269230769230769,0.4800213675213675,0,-0.4225304787674856,0,-0.08096468561584837,0,0.8842509076815034,0.0,0.05373840291817458,0.14869510623219429,2
17,1,0.2883009868314111,0.5269230769230769,0.4800213675213675,0,-0.3993996802265729,0,-0.08901054339010554,0,0.8276839171251404,-0.1,0.1,0.10000000000000002,2
17,2,0.28030216080776543,0.5148148148148147,0.47458847736625515,0,-0.3993996802265729,0,-0.08901054339010554,0,0.8276839171251404,-0.17166733395991454,0.179830517343749,0.06969019261813414,1
18,0,0.28030216080776543,0.5148148148148147,0.47458847736625515,0,-0.40937849489454153,0,-0.07813749000799344,0,0.8366423338701298,-0.1,0.1,0.1,1
18,1,0.2726275541282682,0.5035714285714284,0.4635912698412698,0,-0.40937849489454153,0,-0.07813749000799344,0,0.8366423338701298,-0.18369282522745625,0.12035274597879467,0.10956540045667779,1
18,2,0.2726275541282682,0.5035714285714284,0.4635912698412698,0,-0.41192258814189087,0,-0.07939322301024414,0,0.8471039370235618,-0.1,0.1,0.10000000000000002,2
19,0,0.2726275541282682,0.5035714285714284,0.4635912698412698,0,-0.41192258814189087,0,-0.07939322301024414,0,0.8471039370235618,-0.1,0.1,0.10000000000000002,2
19,1,0.2765725727599241,0.5137931034482758,0.4605363984674329,0,-0.41192258814189087,0,-0.07939322301024414,0,0.8471039370235618,-0.18489100423510277,0.07506594700506689,0.2940861323982854,2
19,2,0.2765725727599241,0.5137931034482758,0.4605363984674329,0,-0.3994555616444243,0,-0.10365398956002982,0,0.8577153125529496,-0.1,0.1,0.1,1
20,0,0.2765725727599241,0.5137931034482758,0.4605363984674329,0,-0.3994555616444243,0,-0.10365398956002982,0,0.8577153125529496,-0.1,0.1,0.1,1
20,1,0.2696975627356641,0.5066666666666666,0.45259259259259255,0,-0.3994555616444243,0,-0.10365398956002982,0,0.8577153125529496,-0.26745793494461123,0.13719727845643473,0.12456925311040448,1
20,2,0.2633366683889025,0.5,0.4415770609318996,0,-0.40410522145147865,0,-0.10672514619883038,0,0.878647554421026,-0.2605006085671343,0.09907964669925354,0.1809658554989637,2
21,0,0.2633366683889025,0.5,0.4415770609318996,0,-0.4036450448011054,0,-0.11684587813620084,0,0.8987101304919178,-0.1,0.1,0.1,1
21,1,0.2633366683889025,0.5,0.4415770609318996,0,-0.4036450448011054,0,-0.11684587813620084,0,0.8987101304919178,-0.1,0.1,0.1,1
21,2,0.2580390031509748,0.49375,0.43819444444444444,0,-0.4036450448011054,0,-0.11684587813620084,0,0.8987101304919178,-0.21808232425947996,0.15988985347827347,0.09134340547162093,1
22,0,0.2580390031509748,0.49375,0.43819444444444444,0,-0.4111312764858896,0,-0.1125175808720113,0,0.9134704210243528,-0.1,0.1,0.1,1
22,1,0.25438787645763344,0.4818181818181818,0.4552188552188552,0,-0.4111312764858896,0,-0.1125175808720113,0,0.9134704210243528,-0.06111846743985275,0.34034627876867407,0.0,1
22,2,0.2610752291288842,0.49411764705882355,0.4538126361655774,0,-0.44117456133197386,0,-0.055206149545772236,0,0.8940296547442792,-0.09719177471057897,0.06706489394519446,0.2214059955942912,2
23,0,0.2582432754608382,0.4885714285714286,0.4535449735449736,0,-0.4247070083045711,0,-0.0815696649029982,0,0.8926255420995687,-0.09855647245121171,0.14723622828126484,0.07167823637694341,1
23,1,0.2582432754608382,0.4885714285714286,0.4535449735449736,0,-0.4306115368397292,0,-0.0716915746155512,0,0.8919037783251745,-0.1,0.1,0.10000000000000002,2
23,2,0.2582432754608382,0.4885714285714286,0.4535449735449736,0,-0.4306115368397292,0,-0.0716915746155512,0,0.8919037783251745,-0.1,0.1,0.10000000000000002,2
24,0,0.2582432754608382,0.4885714285714286,0.4535449735449736,0,-0.4306115368397292,0,-0.0716915746155512,0,0.8919037783251745,-0.1,0.1,0.10000000000000002,2
24,1,0.2582432754608382,0.4885714285714286,0.4535449735449736,0,-0.4306115368397292,0,-0.0716915746155512,0,0.8919037783251745,-0.1,0.1,0.10000000000000002,2
24,2,0.2680696777520623,0.5,0.45843621399176954,0,-0.4306115368397292,0,-0.0716915746155512,0,0.8919037783251745,-0.04656586113284447,0.06928084564278328,0.16277307177886777,2
25,0,0.2680696777520623,0.5,0.45843621399176954,0,-0.41525195966112083,0,-0.08312757201646093,0,0.8651867088915968,-0.1,0.1,0.1,1
25,1,0.26298753369280536,0.4945945945945946,0.449049049049049,0,-0.41525195966112083,0,-0.08312757201646093,0,0.8651867088915968,-0.22392198487557416,0.09818735950471971,0.15444017422495543,2
25,2,0.26298753369280536,0.4945945945945946,0.449049049049049,0,-0.4143456394134807,0,-0.092086622141267,0,0.8806769570010435,-0.1,0.1,0.1,1
26,0,0.26298753369280536,0.4945945945945946,0.449049049049049,0,-0.4143456394134807,0,-0.092086622141267,0,0.8806769570010435,-0.1,0.1,0.1,1
26,1,0.2690235860991192,0.5026315789473684,0.4492933723196881,0,-0.4143456394134807,0,-0.092086622141267,0,0.8806769570010435,-0.07535621045650656,0.07376785957448642,0.21225020689158258,2
26,2,0.27987761414596984,0.5128205128205128,0.4520180436847103,0,-0.4012295692007239,0,-0.10611789800271483,0,0.8683550622292968,-0.027895309494061406,0.059193773219094165,0.19957533449679968,2
27,0,0.27987761414596984,0.5128205128205128,0.4520180436847103,0,-0.38082645581027097,0,-0.11856481481481479,0,0.8323027169763275,-0.1,0.1,0.1,1
27,1,0.27987761414596984,0.5128205128205128,0.4520180436847103,0,-0.38082645581027097,0,-0.11856481481481479,0,0.8323027169763275,-0.1,0.1,0.1,1
27,2,0.2878230555249415,0.5225000000000001,0.4527546296296296,0,-0.38082645581027097,0,-0.11856481481481479,0,0.8323027169763275,-0.0660974577739776,0.06691644277615807,0.21935318093213024,2
28,0,0.2878230555249415,0.5225000000000001,0.4527546296296296,0,-0.36428467719835,0,-0.13348396243133107,0,0.8153514458633163,-0.1,0.1,0.1,1
28,1,0.2810330462063891,0.5121951219512196,0.4417118337850045,0,-0.36428467719835,0,-0.13348396243133107,0,0.8153514458633163,-0.15754128099496292,0.09895830182100965,0.13301013476452087,2
28,2,0.2895068043195411,0.523809523809524,0.44389329805996475,0,-0.3637638281088548,0,-0.13761022927689617,0,0.8225441059876867,-0.07354538139172986,0.06807416708158168,0.21965688632355257,2
29,0,0.2895068043195411,0.523809523809524,0.44389329805996475,0,-0.34780091164964566,0,-0.15256734006734024,0,0.8093167966835516,-0.1,0.1,0.1,1
29,1,0.2895068043195411,0.523809523809524,0.44389329805996475,0,-0.34780091164964566,0,-0.15256734006734024,0,0.8093167966835516,-0.1,0.1,0.1,1
29,2,0.2895068043195411,0.523809523809524,0.44389329805996475,0,-0.34780091164964566,0,-0.15256734006734024,0,0.8093167966835516,-0.1,0.1,0.1,1
30,0,0.2895068043195411,0.523809523809524,0.44389329805996475,0,-0.34780091164964566,0,-0.15256734006734024,0,0.8093167966835516,-0.1,0.1,0.1,1
30,1,0.2895068043195411,0.523809523809524,0.44389329805996475,0,-0.34780091164964566,0,-0.15256734006734024,0,0.8093167966835516,-0.1,0.1,0.1,1
30,2,0.2875751078915146,0.516279069767442,0.45295004306632214,0,-0.34780091164964566,0,-0.15256734006734024,0,0.8093167966835516,-0.07193496142035874,0.23844347533834698,0.04019398186064858,1
31,0,0.28252974012579124,0.5113636363636365,0.45023148148148145,0,-0.36510634606693904,0,-0.12266433099766452,0,0.795284277393731,-0.21729557441485295,0.1589806871213794,0.09376598821043272,1
31,1,0.28252974012579124,0.5113636363636365,0.45023148148148145,0,-0.37247893195711146,0,-0.11954732510288088,0,0.8099462241955876,-0.1,0.1,0.1,1
31,2,0.28252974012579124,0.5113636363636365,0.45023148148148145,0,-0.37247893195711146,0,-0.11954732510288088,0,0.8099462241955876,-0.1,0.1,0.1,1
32,0,0.27841612410956323,0.5044444444444445,0.447633744855967,0,-0.37247893195711146,0,-0.11954732510288088,0,0.8099462241955876,-0.11512072934291187,0.14438417046132504,0.0861460089556026,1
32,1,0.27841612410956323,0.5044444444444445,0.447633744855967,0,-0.3780269532647771,0,-0.11262032958068217,0,0.8118363153634516,-0.1,0.1,0.1,1
32,2,0.27841612410956323,0.5044444444444445,0.447633744855967,0,-0.3780269532647771,0,-0.11262032958068217,0,0.8118363153634516,-0.1,0.1,0.1,1
33,0,0.27841612410956323,0.5044444444444445,0.447633744855967,0,-0.3780269532647771,0,-0.11262032958068217,0,0.8118363153634516,-0.1,0.1,0.1,1
33,1,0.27841612410956323,0.5044444444444445,0.447633744855967,0,-0.3780269532647771,0,-0.11262032958068217,0,0.8118363153634516,-0.1,0.1,0.1,1
33,2,0.27841612410956323,0.5044444444444445,0.447633744855967,0,-0.3780269532647771,0,-0.11262032958068217,0,0.8118363153634516,-0.1,0.1,0.1,1
34,0,0.2822687086125007,0.5108695652173914,0.44877214170692425,0,-0.3780269532647771,0,-0.11262032958068217,0,0.8118363153634516,-0.09606664344616558,0.08598606262325706,0.17145659109292088,2
34,1,0.2944963890434912,0.5191489361702128,0.4549842395587076,0,-0.3710199845764056,0,-0.12155240346729729,0,0.8098696370865344,-0.00593340287659796,0.06342556816283165,0.11634822824219437,2
34,2,0.2944963890434912,0.5191489361702128,0.4549842395587076,0,-0.35273276865782144,0,-0.12359593199757159,0,0.7628363385248333,-0.1,0.1,0.1,1
35,0,0.2911563652739883,0.5145833333333334,0.45013503086419754,0,-0.35273276865782144,0,-0.12359593199757159,0,0.7628363385248333,-0.13633270897011177,0.10357741335030904,0.11318186175821943,2
35,1,0.2911563652739883,0.5145833333333334,0.45013503086419754,0,-0.35317994532661007,0,-0.12524366471734902,0,0.7673779271460973,-0.1,0.1,0.1,1
35,2,0.2911563652739883,0.5145833333333334,0.45013503086419754,0,-0.35317994532661007,0,-0.12524366471734902,0,0.7673779271460973,-0.1,0.1,0.1,1
36,0,0.2863589659045477,0.5081632653061225,0.44775132275132273,0,-0.35317994532661007,0,-0.12524366471734902,0,0.7673779271460973,-0.1575152161075856,0.1581674512993664,0.0872785488934297,1
36,1,0.2863589659045477,0.5081632653061225,0.44775132275132273,0,-0.36045087673903087,0,-0.11888293916406387,0,0.7745673291595455,-0.1,0.1,0.1,1
36,2,0.28110794480505885,0.502,0.43879629629629624,0,-0.36045087673903087,0,-0.11888293916406387,0,0.7745673291595455,-0.18978828923375204,0.09782970721211084,0.1561668245951188,2
37,0,0.28110794480505885,0.502,0.43879629629629624,0,-0.3593657303450863,0,-0.12590379223845372,0,0.7857908653137645,-0.1,0.1,0.1,1
37,1,0.28110794480505885,0.502,0.43879629629629624,0,-0.3593657303450863,0,-0.12590379223845372,0,0.7857908653137645,-0.1,0.1,0.1,1
37,2,0.28110794480505885,0.502,0.43879629629629624,0,-0.3593657303450863,0,-0.12590379223845372,0,0.7857908653137645,-0.1,0.1,0.1,1
38,0,0.28110794480505885,0.502,0.43879629629629624,0,-0.3593657303450863,0,-0.12590379223845372,0,0.7857908653137645,-0.1,0.1,0.1,1
38,1,0.28110794480505885,0.502,0.43879629629629624,0,-0.3593657303450863,0,-0.12590379223845372,0,0.7857908653137645,-0.1,0.1,0.1,1
38,2,0.28110794480505885,0.502,0.43879629629629624,0,-0.3593657303450863,0,-0.12590379223845372,0,0.7857908653137645,-0.1,0.1,0.1,1
39,0,0.2835065709925802,0.507843137254902,0.4391793754538852,0,-0.3593657303450863,0,-0.12590379223845372,0,0.7857908653137645,-0.14401146723233751,0.09019438219768852,0.17442274374545413,2
39,1,0.2890079994652455,0.5173076923076924,0.4390669515669515,0,-0.35446292144393055,0,-0.13520663520663548,0,0.7912922987178067,-0.09730034183853889,0.07460978449731284,0.22831525099182998,2
39,2,0.2868252392231962,0.5132075471698114,0.443361285814116,0,-0.34176781369258696,0,-0.15124604158061422,0,0.7899424696370762,-0.09865332716099476,0.19039001685673484,0.06970290594552578,1
40,0,0.2889955735509095,0.5222222222222223,0.43947187928669407,0,-0.3530665657996788,0,-0.1360974945533771,0,0.7892691332175735,-0.24204682149339476,0.07867203036013962,0.2788848715214999,2
40,1,0.29739271845541315,0.5290909090909092,0.4436026936026936,0,-0.3424025809797486,0,-0.1584581034935646,0,0.8070249859042479,-0.0441468249313918,0.07438819847681846,0.12494049214821304,2
40,2,0.29739271845541315,0.5290909090909092,0.4436026936026936,0,-0.32959668021815786,0,-0.16157566501209122,0,0.7790983983699438,-0.1,0.1,0.1,1
41,0,0.29739271845541315,0.5290909090909092,0.4436026936026936,0,-0.32959668021815786,0,-0.16157566501209122,0,0.7790983983699438,-0.1,0.1,0.1,1
41,1,0.29739271845541315,0.5290909090909092,0.4436026936026936,0,-0.32959668021815786,0,-0.16157566501209122,0,0.7790983983699438,-0.1,0.1,0.1,1
41,2,0.29739271845541315,0.5290909090909092,0.4436026936026936,0,-0.32959668021815786,0,-0.16157566501209122,0,0.7790983983699438,-0.1,0.1,0.1,1
42,0,0.29218007904776727,0.5214285714285715,0.43568121693121703,0,-0.32959668021815786,0,-0.16157566501209122,0,0.7790983983699438,-0.14412239915430228,0.09955038295579358,0.12297052972569436,2
42,1,0.29218007904776727,0.5214285714285715,0.43568121693121703,0,-0.32937187169605464,0,-0.16444698122780302,0,0.7846136982642316,-0.1,0.1,0.1,1
42,2,0.29705078288258646,0.5263157894736843,0.43827160493827166,0,-0.32937187169605464,0,-0.16444698122780302,0,0.7846136982642316,-0.074380766131846,0.08570057134087664,0.12269575511584754,2
43,0,0.29705078288258646,0.5263157894736843,0.43827160493827166,0,-0.32222215736649296,0,-0.16728395061728396,0,0.7718040813301545,-0.1,0.1,0.1,1
43,1,0.29705078288258646,0.5263157894736843,0.43827160493827166,0,-0.32222215736649296,0,-0.16728395061728396,0,0.7718040813301545,-0.1,0.1,0.1,1
43,2,0.29705078288258646,0.5263157894736843,0.43827160493827166,0,-0.32222215736649296,0,-0.16728395061728396,0,0.7718040813301545,-0.1,0.1,0.1,1
44,0,0.29705078288258646,0.5263157894736843,0.43827160493827166,0,-0.32222215736649296,0,-0.16728395061728396,0,0.7718040813301545,-0.1,0.1,0.1,1
44,1,0.29258830645970224,0.5189655172413794,0.44220945083014057,0,-0.32222215736649296,0,-0.16728395061728396,0,0.7718040813301545,-0.11521213785562115,0.22901508283390626,0.06123620852303022,1
44,2,0.29258830645970224,0.5189655172413794,0.44220945083014057,0,-0.33834904272073124,0,-0.14790205487879907,0,0.7737055985621072,-0.1,0.1,0.1,1
45,0,0.29258830645970224,0.5189655172413794,0.44220945083014057,0,-0.33834904272073124,0,-0.14790205487879907,0,0.7737055985621072,-0.1,0.1,0.1,1
45,1,0.2896024791317832,0.5118644067796612,0.4516635279347144,0,-0.33834904272073124,0,-0.14790205487879907,0,0.7737055985621072,-0.08753372678811125,0.2636816067324891,0.03941786718623344,1
45,2,0.2896024791317832,0.5118644067796612,0.4516635279347144,0,-0.3588092435622924,0,-0.11761098847191578,0,0.7674724619561628,-0.1,0.1,0.1,1
46,0,0.2954181352957816,0.5200000000000001,0.4530246913580248,0,-0.3588092435622924,0,-0.11761098847191578,0,0.7674724619561628,-0.08548891458144428,0.07817827216369413,0.1895014559473706,2
46,1,0.2954181352957816,0.5200000000000001,0.4530246913580248,0,-0.34789837964413944,0,-0.1287986704653371,0,0.760216919246885,-0.1,0.1,0.1,1
46,2,0.2954181352957816,0.5200000000000001,0.4530246913580248,0,-0.34789837964413944,0,-0.1287986704653371,0,0.760216919246885,-0.1,0.1,0.1,1
47,0,0.2954181352957816,0.5200000000000001,0.4530246913580248,0,-0.34789837964413944,0,-0.1287986704653371,0,0.760216919246885,-0.1,0.1,0.1,1
47,1,0.2988573382755393,0.5278688524590165,0.45051608986035224,0,-0.34789837964413944,0,-0.1287986704653371,0,0.760216919246885,-0.1485879770139448,0.07746998966101196,0.24191337379743183,2
47,2,0.2988573382755393,0.5278688524590165,0.45051608986035224,0,-0.3366333744746454,0,-0.1465378421900161,0,0.766290416373628,-0.1,0.1,0.1,1
48,0,0.30065386081052375,0.5338709677419355,0.4498207885304661,0,-0.3366333744746454,0,-0.1465378421900161,0,0.766290416373628,-0.17527419708365724,0.08996150338320155,0.1871803104825555,2
48,1,0.29744992060341263,0.5285714285714287,0.4506172839506174,0,-0.3316141261662462,0,-0.15743538100033552,0,0.7756996910090852,-0.11048099698884198,0.16633223584780224,0.08009086629429055,1
48,2,0.29744992060341263,0.5285714285714287,0.4506172839506174,0,-0.33990565564722147,0,-0.1474808141474808,0,0.7770098156326904,-0.1,0.1,0.1,1
49,0,0.29744992060341263,0.5285714285714287,0.4506172839506174,0,-0.33990565564722147,0,-0.1474808141474808,0,0.7770098156326904,-0.1,0.1,0.1,1
49,1,0.3028659145821672,0.534375,0.45283564814814814,0,-0.33990565564722147,0,-0.1474808141474808,0,0.7770098156326904,-0.07476967298644924,0.08254702634649005,0.14085957302331656,2
49,2,0.3028659145821672,0.534375,0.45283564814814814,0,-0.3311791688204665,0,-0.15258826077539536,0,0.7643946521259151,-0.1,0.1,0.1,1
50,0,0.3028659145821672,0.534375,0.45283564814814814,0,-0.3311791688204665,0,-0.15258826077539536,0,0.7643946521259151,-0.1,0.1,0.1,1
50,1,0.3077054322266712,0.54,0.45327635327635324,0,-0.3311791688204665,0,-0.15258826077539536,0,0.7643946521259151,-0.08106098400833353,0.0799470462489276,0.16408868007308577,2
50,2,0.30937133280902857,0.543939393939394,0.4527216610549944,0,-0.3211526919449303,0,-0.16059934578453108,0,0.7549251441300818,-0.12626909508570563,0.09097700826213476,0.15679194578400094,2
51,0,0.30937133280902857,0.543939393939394,0.4527216610549944,0,-0.31664119607599767,0,-0.1676983390075312,0,0.758208781015795,-0.1,0.1,0.1,1
51,1,0.3065755765193744,0.5402985074626865,0.4509397457158651,0,-0.31664119607599767,0,-0.1676983390075312,0,0.758208781015795,-0.1332612739948539,0.12799609073815824,0.09537884889306106,1
51,2,0.3065755765193744,0.5402985074626865,0.4509397457158651,0,-0.32014070741826745,0,-0.16538776345406173,0,0.7623664402651518,-0.1,0.1,0.1,1
52,0,0.3038654141673389,0.5367647058823528,0.45084422657952067,0,-0.32014070741826745,0,-0.16538776345406173,0,0.7623664402651518,-0.13271178722246937,0.14693812405479748,0.08936653295996352,1
52,1,0.3038654141673389,0.5367647058823528,0.45084422657952067,0,-0.32600797292511713,0,-0.16007102993404349,0,0.7664554136679604,-0.1,0.1,0.1,1
52,2,0.30491553385958076,0.5405797101449273,0.45034889962426194,0,-0.32600797292511713,0,-0.16007102993404349,0,0.7664554136679604,-0.15142446165087123,0.0938538048520329,0.15475099397020756,2
53,0,0.3017579874437783,0.5357142857142856,0.4486772486772486,0,-0.3229348753511336,0,-0.16691490418031943,0,0.7728834713743193,-0.11942052772122605,0.13611914559903485,0.09110846324429925,1
53,1,0.3017579874437783,0.5357142857142856,0.4486772486772486,0,-0.32744976855101293,0,-0.16246913580246905,0,0.7753110373394726,-0.1,0.1,0.1,1
53,2,0.3017579874437783,0.5357142857142856,0.4486772486772486,0,-0.32744976855101293,0,-0.16246913580246905,0,0.7753110373394726,-0.1,0.1,0.1,1
54,0,0.2979179190998232,0.5309859154929577,0.442357850808555,0,-0.32744976855101293,0,-0.16246913580246905,0,0.7753110373394726,-0.15609452429435358,0.09814609753391493,0.13554507646461747,2
54,1,0.2979179190998232,0.5309859154929577,0.442357850808555,0,-0.3265228173179704,0,-0.16691227036054623,0,0.7823228528762668,-0.1,0.1,0.1,1
54,2,0.2979179190998232,0.5309859154929577,0.442357850808555,0,-0.3265228173179704,0,-0.16691227036054623,0,0.7823228528762668,-0.1,0.1,0.1,1
55,0,0.29409308744364077,0.5249999999999999,0.4362139917695474,0,-0.3265228173179704,0,-0.16691227036054623,0,0.7823228528762668,-0.12260969500468058,0.09856530406585742,0.11763148634157342,2
55,1,0.29409308744364077,0.5249999999999999,0.4362139917695474,0,-0.3258054693508991,0,-0.1691162061532429,0,0.7851490647518519,-0.1,0.1,0.1,1
55,2,0.2913880195562083,0.521917808219178,0.43328259766615934,0,-0.3258054693508991,0,-0.1691162061532429,0,0.7851490647518519,-0.1479568825424952,0.11345520027209047,0.10567830255785995,1
56,0,0.288953954823708,0.5162162162162162,0.440940940940941,0,-0.3274873693849104,0,-0.1698259939729754,0,0.7911436750696638,-0.09071248321586425,0.23760386682520218,0.051990439822131,1
56,1,0.288953954823708,0.5162162162162162,0.440940940940941,0,-0.3446878527380607,0,-0.1458212138840409,0,0.7864999166775959,-0.1,0.1,0.1,1
56,2,0.28535549581549957,0.5106666666666666,0.4350617283950618,0,-0.3446878527380607,0,-0.1458212138840409,0,0.7864999166775959,-0.12464566988682649,0.09883115257975486,0.11784185454028076,2
57,0,0.28535549581549957,0.5106666666666666,0.4350617283950618,0,-0.3441034290279381,0,-0.148051445701576,0,0.7895806254134492,-0.1,0.1,0.1,1
57,1,0.28535549581549957,0.5106666666666666,0.4350617283950618,0,-0.3441034290279381,0,-0.148051445701576,0,0.7895806254134492,-0.1,0.1,0.1,1
57,2,0.28162572633143707,0.5052631578947369,0.42933723196881096,0,-0.3441034290279381,0,-0.148051445701576,0,0.7895806254134492,-0.13611074742541832,0.0998839695670323,0.11774892821455199,2
58,0,0.28162572633143707,0.5052631578947369,0.42933723196881096,0,-0.34404541381145426,0,-0.150270061728395,0,0.7940944688416265,-0.1,0.1,0.1,1
58,1,0.27909564825264416,0.5025974025974025,0.4280904280904282,0,-0.34404541381145426,0,-0.150270061728395,0,0.7940944688416265,-0.15370040848131197,0.1319975639600778,0.09594757871566598,1
58,2,0.27909564825264416,0.5025974025974025,0.4280904280904282,0,-0.348045109306464,0,-0.14824385108622798,0,0.8008070199017905,-0.1,0.1,0.1,1
59,0,0.27909564825264416,0.5025974025974025,0.4280904280904282,0,-0.348045109306464,0,-0.14824385108622798,0,0.8008070199017905,-0.1,0.1,0.1,1
59,1,0.27909564825264416,0.5025974025974025,0.4280904280904282,0,-0.348045109306464,0,-0.14824385108622798,0,0.8008070199017905,-0.1,0.1,0.1,1
59,2,0.27909564825264416,0.5025974025974025,0.4280904280904282,0,-0.348045109306464,0,-0.14824385108622798,0,0.8008070199017905,-0.1,0.1,0.1,1
60,0,0.2763222501714471,0.4999999999999999,0.42545109211775883,0,-0.348045109306464,0,-0.14824385108622798,0,0.8008070199017905,-0.16939584878776728,0.11979395714589894,0.10683171742603328,1
60,1,0.2763222501714471,0.4999999999999999,0.42545109211775883,0,-0.35051935394970135,0,-0.14909781576448214,0,0.8094815010002614,-0.1,0.1,0.1,1
60,2,0.28022497922118095,0.5063291139240506,0.4268166901078294,0,-0.35051935394970135,0,-0.14909781576448214,0,0.8094815010002614,-0.09476990169187874,0.08586840835987045,0.16351377018043714,2
61,0,0.28022497922118095,0.5063291139240506,0.4268166901078294,0,-0.34345355812963657,0,-0.15703703703703678,0,0.8068664518462008,-0.1,0.1,0.1,1
61,1,0.28022497922118095,0.5063291139240506,0.4268166901078294,0,-0.34345355812963657,0,-0.15703703703703678,0,0.8068664518462008,-0.1,0.1,0.1,1
61,2,0.28022497922118095,0.5063291139240506,0.4268166901078294,0,-0.34345355812963657,0,-0.15703703703703678,0,0.8068664518462008,-0.1,0.1,0.1,1
62,0,0.28022497922118095,0.5063291139240506,0.4268166901078294,0,-0.34345355812963657,0,-0.15703703703703678,0,0.8068664518462008,-0.1,0.1,0.1,1
62,1,0.28022497922118095,0.5063291139240506,0.4268166901078294,0,-0.34345355812963657,0,-0.15703703703703678,0,0.8068664518462008,-0.1,0.1,0.1,1
62,2,0.28022497922118095,0.5063291139240506,0.4268166901078294,0,-0.34345355812963657,0,-0.15703703703703678,0,0.8068664518462008,-0.1,0.1,0.1,1
63,0,0.28333246833885667,0.5125,0.4264814814814816,0,-0.34345355812963657,0,-0.15703703703703678,0,0.8068664518462008,-0.11570079823196125,0.08439524671960166,0.18643179765130985,2
63,1,0.28333246833885667,0.5125,0.4264814814814816,0,-0.3356511814894374,0,-0.1678410117434505,0,0.8088290516251959,-0.1,0.1,0.1,1
63,2,0.2799463169969767,0.5074074074074074,0.4212162780064016,0,-0.3356511814894374,0,-0.1678410117434505,0,0.8088290516251959,-0.12950212280337273,0.09946924954307959,0.11619774186387458,2
64,0,0.2799463169969767,0.5074074074074074,0.4212162780064016,0,-0.3353858062609772,0,-0.16986572947643483,0,0.8125168169756175,-0.1,0.1,0.1,1
64,1,0.2799463169969767,0.5074074074074074,0.4212162780064016,0,-0.3353858062609772,0,-0.16986572947643483,0,0.8125168169756175,-0.1,0.1,0.1,1
64,2,0.2799463169969767,0.5074074074074074,0.4212162780064016,0,-0.3353858062609772,0,-0.16986572947643483,0,0.8125168169756175,-0.1,0.1,0.1,1
65,0,0.27812978349192746,0.5036585365853659,0.4221770551038845,0,-0.3353858062609772,0,-0.16986572947643483,0,0.8125168169756175,-0.09671827094667554,0.14652227441307267,0.08382696630047046,1
65,1,0.27516792167447307,0.5000000000000001,0.42311468094600635,0,-0.3412010905626113,0,-0.16177921262667005,0,0.8108759524489553,-0.14957053842507798,0.16768034976619262,0.08398285096263489,1
65,2,0.27516792167447307,0.5000000000000001,0.42311468094600635,0,-0.34966113428338536,0,-0.1537706381079875,0,0.81707226975209,-0.1,0.1,0.1,1
66,0,0.27516792167447307,0.5000000000000001,0.42311468094600635,0,-0.34966113428338536,0,-0.1537706381079875,0,0.81707226975209,-0.1,0.1,0.1,1
66,1,0.27516792167447307,0.5000000000000001,0.42311468094600635,0,-0.34966113428338536,0,-0.1537706381079875,0,0.81707226975209,-0.1,0.1,0.1,1
66,2,0.27516792167447307,0.5000000000000001,0.42311468094600635,0,-0.34966113428338536,0,-0.1537706381079875,0,0.81707226975209,-0.1,0.1,0.1,1
67,0,0.27299523698743616,0.49642857142857155,0.4240299823633158,0,-0.34966113428338536,0,-0.1537706381079875,0,0.81707226975209,-0.1110330576740001,0.1522216048427846,0.08413649268001935,1
67,1,0.27299523698743616,0.49642857142857155,0.4240299823633158,0,-0.35618883488873343,0,-0.14583888444799717,0,0.81845140196134,-0.1,0.1,0.1,1
67,2,0.27299523698743616,0.49642857142857155,0.4240299823633158,0,-0.35618883488873343,0,-0.14583888444799717,0,0.81845140196134,-0.1,0.1,0.1,1
68,0,0.271939576315021,0.4941176470588236,0.4281917211328977,0,-0.35618883488873343,0,-0.14583888444799717,0,0.81845140196134,-0.09712247297505563,0.16978247124753076,0.07516526461370562,1
68,1,0.271939576315021,0.4941176470588236,0.4281917211328977,0,-0.3649116437946748,0,-0.13342151675484998,0,0.8170126384488678,-0.1,0.1,0.1,1
68,2,0.271939576315021,0.4941176470588236,0.4281917211328977,0,-0.3649116437946748,0,-0.13342151675484998,0,0.8170126384488678,-0.1,0.1,0.1,1
69,0,0.271939576315021,0.4941176470588236,0.4281917211328977,0,-0.3649116437946748,0,-0.13342151675484998,0,0.8170126384488678,-0.1,0.1,0.1,1
69,1,0.271939576315021,0.4941176470588236,0.4281917211328977,0,-0.3649116437946748,0,-0.13342151675484998,0,0.8170126384488678,-0.1,0.1,0.1,1
69,2,0.271939576315021,0.4941176470588236,0.4281917211328977,0,-0.3649116437946748,0,-0.13342151675484998,0,0.8170126384488678,-0.1,0.1,0.1,1
70,0,0.271939576315021,0.4941176470588236,0.4281917211328977,0,-0.3649116437946748,0,-0.13342151675484998,0,0.8170126384488678,-0.1,0.1,0.1,1
70,1,0.2785807519213452,0.5000000000000001,0.4305770887166237,0,-0.3649116437946748,0,-0.13342151675484998,0,0.8170126384488678,-0.055598173764574904,0.07618890292602679,0.1433944464952225,2
70,2,0.27764013471339705,0.4977011494252874,0.43201362281822064,0,-0.35300609525768817,0,-0.1388458225667528,0,0.7948117253311553,-0.0956013579847205,0.1346293897574186,0.08627208765239783,1
71,0,0.27764013471339705,0.4977011494252874,0.43201362281822064,0,-0.3573347689773655,0,-0.1319818663929517,0,0.7926124043235155,-0.1,0.1,0.1,1
71,1,0.27764013471339705,0.4977011494252874,0.43201362281822064,0,-0.3573347689773655,0,-0.1319818663929517,0,0.7926124043235155,-0.1,0.1,0.1,1
71,2,0.27764013471339705,0.4977011494252874,0.43201362281822064,0,-0.3573347689773655,0,-0.1319818663929517,0,0.7926124043235155,-0.1,0.1,0.1,1
72,0,0.27764013471339705,0.4977011494252874,0.43201362281822064,0,-0.3573347689773655,0,-0.1319818663929517,0,0.7926124043235155,-0.1,0.1,0.1,1
72,1,0.27558877639676854,0.49318181818181817,0.4346801346801347,0,-0.3573347689773655,0,-0.1319818663929517,0,0.7926124043235155,-0.0938891496934077,0.16929293479051066,0.07327811735917233,1
72,2,0.27558877639676854,0.49318181818181817,0.4346801346801347,0,-0.3659963858261793,0,-0.11862092507253787,0,0.7895569791702194,-0.1,0.1,0.1,1
73,0,0.2783456301435406,0.49662921348314604,0.43541406575114444,0,-0.3659963858261793,0,-0.11862092507253787,0,0.7895569791702194,-0.08932153839819082,0.08947420868802561,0.13712276198044684,2
73,1,0.2783456301435406,0.49662921348314604,0.43541406575114444,0,-0.36073349017019213,0,-0.12326127032009372,0,0.7842177483693148,-0.1,0.1,0.1,1
73,2,0.2783456301435406,0.49662921348314604,0.43541406575114444,0,-0.36073349017019213,0,-0.12326127032009372,0,0.7842177483693148,-0.1,0.1,0.1,1
74,0,0.2783456301435406,0.49662921348314604,0.43541406575114444,0,-0.36073349017019213,0,-0.12326127032009372,0,0.7842177483693148,-0.1,0.1,0.1,1
74,1,0.2783456301435406,0.49662921348314604,0.43541406575114444,0,-0.36073349017019213,0,-0.12326127032009372,0,0.7842177483693148,-0.1,0.1,0.1,1
74,2,0.2783456301435406,0.49662921348314604,0.43541406575114444,0,-0.36073349017019213,0,-0.12326127032009372,0,0.7842177483693148,-0.1,0.1,0.1,1
75,0,0.2783456301435406,0.49662921348314604,0.43541406575114444,0,-0.36073349017019213,0,-0.12326127032009372,0,0.7842177483693148,-0.1,0.1,0.1,1
75,1,0.2783456301435406,0.49662921348314604,0.43541406575114444,0,-0.36073349017019213,0,-0.12326127032009372,0,0.7842177483693148,-0.1,0.1,0.1,1
75,2,0.2783456301435406,0.49662921348314604,0.43541406575114444,0,-0.36073349017019213,0,-0.12326127032009372,0,0.7842177483693148,-0.1,0.1,0.1,1
76,0,0.2783456301435406,0.49662921348314604,0.43541406575114444,0,-0.36073349017019213,0,-0.12326127032009372,0,0.7842177483693148,-0.1,0.1,0.1,1
76,1,0.2783456301435406,0.49662921348314604,0.43541406575114444,0,-0.36073349017019213,0,-0.12326127032009372,0,0.7842177483693148,-0.1,0.1,0.1,1
76,2,0.27645439688088236,0.49444444444444435,0.4392181069958848,0,-0.36073349017019213,0,-0.12326127032009372,0,0.7842177483693148,-0.1344245684861244,0.17874045925838933,0.0768648917360085,1
77,0,0.2810882394700274,0.4989010989010988,0.44171754171754174,0,-0.3705760475774908,0,-0.11169371618809797,0,0.7885208194300803,-0.07274116131491995,0.08614210114492196,0.12340246498044852,2
77,1,0.2810882394700274,0.4989010989010988,0.44171754171754174,0,-0.3636470981499518,0,-0.11461902431065403,0,0.7748914000875403,-0.1,0.1,0.1,1
77,2,0.2810882394700274,0.4989010989010988,0.44171754171754174,0,-0.3636470981499518,0,-0.11461902431065403,0,0.7748914000875403,-0.1,0.1,0.1,1
78,0,0.28386364570281103,0.5021739130434781,0.4432568438003221,0,-0.3636470981499518,0,-0.11461902431065403,0,0.7748914000875403,-0.08835193913018027,0.09189694683477237,0.12164007744037067,2
78,1,0.28386364570281103,0.5021739130434781,0.4432568438003221,0,-0.35959557156733796,0,-0.11732403399070036,0,0.7690673696526305,-0.1,0.1,0.1,1
78,2,0.28386364570281103,0.5021739130434781,0.4432568438003221,0,-0.35959557156733796,0,-0.11732403399070036,0,0.7690673696526305,-0.1,0.1,0.1,1
79,0,0.2827758251636639,0.49999999999999983,0.4456590999601752,0,-0.35959557156733796,0,-0.11732403399070036,0,0.7690673696526305,-0.09823545578204387,0.14714340665107298,0.08271553217789782,1
79,1,0.2827758251636639,0.49999999999999983,0.4456590999601752,0,-0.3654884973987221,0,-0.10868180007964927,0,0.7681850975436524,-0.1,0.1,0.1,1
79,2,0.2827758251636639,0.49999999999999983,0.4456590999601752,0,-0.3654884973987221,0,-0.10868180007964927,0,0.7681850975436524,-0.1,0.1,0.1,1
80,0,0.28228493288281964,0.49680851063829773,0.4497832939322301,0,-0.3654884973987221,0,-0.10868180007964927,0,0.7681850975436524,-0.0835379031924556,0.15527534414010838,0.06807986707555676,1
80,1,0.28228493288281964,0.49680851063829773,0.4497832939322301,0,-0.3723979154162356,0,-0.09465461178523252,0,0.7599540491398802,-0.1,0.1,0.1,1
80,2,0.28228493288281964,0.49680851063829773,0.4497832939322301,0,-0.3723979154162356,0,-0.09465461178523252,0,0.7599540491398802,-0.1,0.1,0.1,1
81,0,0.28228493288281964,0.49680851063829773,0.4497832939322301,0,-0.3723979154162356,0,-0.09465461178523252,0,0.7599540491398802,-0.1,0.1,0.1,1
81,1,0.28228493288281964,0.49680851063829773,0.4497832939322301,0,-0.3723979154162356,0,-0.09465461178523252,0,0.7599540491398802,-0.1,0.1,0.1,1
81,2,0.28228493288281964,0.49680851063829773,0.4497832939322301,0,-0.3723979154162356,0,-0.09465461178523252,0,0.7599540491398802,-0.1,0.1,0.1,1
82,0,0.28228493288281964,0.49680851063829773,0.4497832939322301,0,-0.3723979154162356,0,-0.09465461178523252,0,0.7599540491398802,-0.1,0.1,0.1,1
82,1,0.28228493288281964,0.49680851063829773,0.4497832939322301,0,-0.3723979154162356,0,-0.09465461178523252,0,0.7599540491398802,-0.1,0.1,0.1,1
82,2,0.28026680451344277,0.4936842105263157,0.4485575048732944,0,-0.3723979154162356,0,-0.09465461178523252,0,0.7599540491398802,-0.11220303158282477,0.12227265110334687,0.08850631310164492,1
83,0,0.2848486322701977,0.49895833333333334,0.4497878086419753,0,-0.375181996804154,0,-0.09140803916923303,0,0.7614794280877333,-0.08036379878493008,0.08304484141446103,0.1539684790204218,2
83,1,0.2848486322701977,0.49895833333333334,0.4497878086419753,0,-0.3667044175113845,0,-0.09854635428748162,0,0.7516613274801983,-0.1,0.1,0.1,1
83,2,0.2848486322701977,0.49895833333333334,0.4497878086419753,0,-0.3667044175113845,0,-0.09854635428748162,0,0.7516613274801983,-0.1,0.1,0.1,1
84,0,0.2831003276541931,0.49587628865979383,0.4503054600992745,0,-0.3667044175113845,0,-0.09854635428748162,0,0.7516613274801983,-0.0998614831060666,0.13688395866616024,0.07899702248709903,1
84,1,0.28726603799033196,0.5,0.4517573696145125,0,-0.3713149123446545,0,-0.09189959189959195,0,0.7515920690332316,-0.07790957908800036,0.08559883382507041,0.13216349856508797,2
84,2,0.28726603799033196,0.5,0.4517573696145125,0,-0.36411432925718973,0,-0.09648526077097497,0,0.7405468585772318,-0.1,0.1,0.1,1
85,0,0.28726603799033196,0.5,0.4517573696145125,0,-0.36411432925718973,0,-0.09648526077097497,0,0.7405468585772318,-0.1,0.1,0.1,1
85,1,0.28726603799033196,0.5,0.4517573696145125,0,-0.36411432925718973,0,-0.09648526077097497,0,0.7405468585772318,-0.1,0.1,0.1,1
85,2,0.2919358599670562,0.5040404040404041,0.45355405910961466,0,-0.36411432925718973,0,-0.09648526077097497,0,0.7405468585772318,-0.07199631500042872,0.08444581058787462,0.1294242301685772,2
86,0,0.29038725247426034,0.502,0.4523518518518519,0,-0.35633723455112704,0,-0.10016328954204712,0,0.7265450160774461,-0.11744805263306582,0.11370245646524371,0.0954751623388115,1
86,1,0.28890772449748847,0.49999999999999994,0.4544737807114045,0,-0.3580500416092825,0,-0.09890069352220739,0,0.7287260226565794,-0.11544295198514157,0.15002180967045434,0.07610754373968001,1
86,2,0.28727859839613074,0.4970588235294117,0.454920116194626,0,-0.3643027678180893,0,-0.09105243857719093,0,0.7306563916547221,-0.09915260676471208,0.1336386150371575,0.0799326238818102,1
87,0,0.28727859839613074,0.4970588235294117,0.454920116194626,0,-0.368507594697734,0,-0.08477609759661028,0,0.7302326950370781,-0.1,0.1,0.1,1
87,1,0.2862141632767513,0.4941747572815534,0.4569759079467817,0,-0.368507594697734,0,-0.08477609759661028,0,0.7302326950370781,-0.09271632269606137,0.1413615152424871,0.07246080183896972,1
87,2,0.2862141632767513,0.4941747572815534,0.4569759079467817,0,-0.37367778410304486,0,-0.0752746852943317,0,0.7265908563851088,-0.1,0.1,0.1,1
88,0,0.2862141632767513,0.4941747572815534,0.4569759079467817,0,-0.37367778410304486,0,-0.0752746852943317,0,0.7265908563851088,-0.1,0.1,0.1,1
88,1,0.2862141632767513,0.4941747572815534,0.4569759079467817,0,-0.37367778410304486,0,-0.0752746852943317,0,0.7265908563851088,-0.1,0.1,0.1,1
88,2,0.28970802455988,0.49807692307692303,0.4572115384615385,0,-0.37367778410304486,0,-0.0752746852943317,0,0.7265908563851088,-0.08529344740937286,0.08536222131115459,0.1426269799916736,2
89,0,0.2925617449778612,0.5009523809523809,0.4584126984126985,0,-0.36635889475862216,0,-0.08204633204633187,0,0.7192375800897952,-0.08611735440422255,0.0908701652192341,0.12060389516330783,2
89,1,0.29060235654605093,0.49716981132075466,0.4603773584905661,0,-0.3617939773682392,0,-0.08491761723700866,0,0.7122962572919065,-0.09705772411251071,0.15583673943418566,0.069611081441699,1
89,2,0.29227999781984937,0.5009345794392522,0.4605745932848737,0,-0.3687735697975124,0,-0.07400379506641343,0,0.7108251193481618,-0.12448658252910985,0.09325563554168839,0.14159961718449474,2
90,0,0.29227999781984937,0.5009345794392522,0.4605745932848737,0,-0.3654013875683566,0,-0.08056937534549447,0,0.7138859421643006,-0.1,0.1,0.1,1
90,1,0.29227999781984937,0.5009345794392522,0.4605745932848737,0,-0.3654013875683566,0,-0.08056937534549447,0,0.7138859421643006,-0.1,0.1,0.1,1
90,2,0.2923413342613434,0.5046296296296295,0.45871056241426617,0,-0.3654013875683566,0,-0.08056937534549447,0,0.7138859421643006,-0.19823931424898014,0.09457501986018083,0.16132266471787915,2
91,0,0.2923413342613434,0.5046296296296295,0.45871056241426617,0,-0.362688897498447,0,-0.09099558273870174,0,0.7261658564454231,-0.1,0.1,0.1,1
91,1,0.2923413342613434,0.5046296296296295,0.45871056241426617,0,-0.362688897498447,0,-0.09099558273870174,0,0.7261658564454231,-0.1,0.1,0.1,1
91,2,0.2923413342613434,0.5046296296296295,0.45871056241426617,0,-0.362688897498447,0,-0.09099558273870174,0,0.7261658564454231,-0.1,0.1,0.1,1
92,0,0.2923413342613434,0.5046296296296295,0.45871056241426617,0,-0.362688897498447,0,-0.09099558273870174,0,0.7261658564454231,-0.1,0.1,0.1,1
92,1,0.2923413342613434,0.5046296296296295,0.45871056241426617,0,-0.362688897498447,0,-0.09099558273870174,0,0.7261658564454231,-0.1,0.1,0.1,1
92,2,0.29141925203201297,0.501834862385321,0.46367652055725456,0,-0.362688897498447,0,-0.09099558273870174,0,0.7261658564454231,-0.09174316470298907,0.170513684557556,0.0625657936925891,1
93,0,0.29141925203201297,0.501834862385321,0.46367652055725456,0,-0.3715031080681415,0,-0.07603764642155846,0,0.7220374387969176,-0.1,0.1,0.10000000000000002,2
93,1,0.2900204572160011,0.49818181818181817,0.4685521885521886,0,-0.3715031080681415,0,-0.07603764642155846,0,0.7220374387969176,-0.09141945245463359,0.17620302892124762,0.06223750083773962,1
93,2,0.2900204572160011,0.49818181818181817,0.4685521885521886,0,-0.3810284866832975,0,-0.059475533928088534,0,0.7177471650242344,-0.1,0.1,0.1,1
94,0,0.2900204572160011,0.49818181818181817,0.4685521885521886,0,-0.3810284866832975,0,-0.059475533928088534,0,0.7177471650242344,-0.1,0.1,0.1,1
94,1,0.28748922976042074,0.4945945945945946,0.46433099766433106,0,-0.3810284866832975,0,-0.059475533928088534,0,0.7177471650242344,-0.12117046817413293,0.09964865814823567,0.11282633250856845,2
94,2,0.28748922976042074,0.4945945945945946,0.46433099766433106,0,-0.3808528157574153,0,-0.061188693246980924,0,0.720393473546001,-0.1,0.1,0.1,1
95,0,0.28748922976042074,0.4945945945945946,0.46433099766433106,0,-0.3808528157574153,0,-0.061188693246980924,0,0.720393473546001,-0.1,0.1,0.1,1
95,1,0.28962243635609114,0.49910714285714286,0.4643518518518519,0,-0.3808528157574153,0,-0.061188693246980924,0,0.720393473546001,-0.12327426198695815,0.09086772336222462,0.15050635077525173,2
95,2,0.28962243635609114,0.49910714285714286,0.4643518518518519,0,-0.3762866774385276,0,-0.06963493010004627,0,0.7233027562943708,-0.1,0.1,0.1,1
96,0,0.28962243635609114,0.49910714285714286,0.4643518518518519,0,-0.3762866774385276,0,-0.06963493010004627,0,0.7233027562943708,-0.1,0.1,0.1,1
96,1,0.2921543685749507,0.5035398230088496,0.4646673221894461,0,-0.3762866774385276,0,-0.06963493010004627,0,0.7233027562943708,-0.10190021133099006,0.08994907085169626,0.14645401080643128,2
96,2,0.2921543685749507,0.5035398230088496,0.4646673221894461,0,-0.37126121286437574,0,-0.07719846384169757,0,0.7235402827107446,-0.1,0.1,0.1,1
97,0,0.29461394948890307,0.5070175438596491,0.4641650422352177,0,-0.37126121286437574,0,-0.07719846384169757,0,0.7235402827107446,-0.09483075438685198,0.08804139239003675,0.14529851826674262,2
97,1,0.2927499679793627,0.5043478260869565,0.4644766505636071,0,-0.3652819090593941,0,-0.08451877483019349,0,0.7209556599041705,-0.11470501970870953,0.1355111922264353,0.08206445857193102,1
97,2,0.2927499679793627,0.5043478260869565,0.4644766505636071,0,-0.3697208080876985,0,-0.0790549169859514,0,0.7227937873677592,-0.1,0.1,0.1,1
98,0,0.2927499679793627,0.5043478260869565,0.4644766505636071,0,-0.3697208080876985,0,-0.0790549169859514,0,0.7227937873677592,-0.1,0.1,0.1,1
98,1,0.2927499679793627,0.5043478260869565,0.4644766505636071,0,-0.3697208080876985,0,-0.0790549169859514,0,0.7227937873677592,-0.1,0.1,0.1,1
98,2,0.2927499679793627,0.5043478260869565,0.4644766505636071,0,-0.3697208080876985,0,-0.0790549169859514,0,0.7227937873677592,-0.1,0.1,0.1,1
99,0,0.2927499679793627,0.5043478260869565,0.4644766505636071,0,-0.3697208080876985,0,-0.0790549169859514,0,0.7227937873677592,-0.1,0.1,0.1,1
99,1,0.2927499679793627,0.5043478260869565,0.4644766505636071,0,-0.3697208080876985,0,-0.0790549169859514,0,0.7227937873677592,-0.1,0.1,0.1,1
99,2,0.29412668027032635,0.506896551724138,0.4640644955300128,0,-0.3697208080876985,0,-0.0790549169859514,0,0.7227937873677592,-0.10481246393979085,0.09294716554167318,0.13576239262578163,2
100,0,0.29680288890142714,0.5102564102564102,0.4654795821462488,0,-0.3661943908585351,0,-0.08449861426051904,0,0.7233953453602331,-0.09156135595300344,0.0923549007752166,0.12303997239729052,2
100,1,0.29930808246829615,0.5144067796610169,0.4652071563088512,0,-0.3623718412461434,0,-0.08775358272845707,0,0.7191760233367348,-0.09895425938329919,0.08848298047166195,0.15375174129937821,2
100,2,0.29930808246829615,0.5144067796610169,0.4652071563088512,0,-0.3566133314819744,0,-0.09564341936664834,0,0.7186531530283844,-0.1,0.1,0.1,1
101,0,0,0,0,0,-0.3566133314819744,0,-0.09564341936664834,0,0.7186531530283844,0,0,0,0
101,1,0,0,0,0,-0.3566133314819744,0,-0.09564341936664834,0,0.7186531530283844,0,0,0,0
101,2,0.47551378892174945,0.9,0.5185185185185186,0,-0.3566133314819744,0,-0.09564341936664834,0,0.7186531530283844,-0.5,0.0,0.5,2
102,0,0.47551378892174945,0.9,0.5185185185185186,0,-0.08293769279376907,0,-0.42386831275720155,0,0.8926895937987279,-0.1,0.1,0.1,1
102,1,0.5401512688506784,0.95,0.475925925925926,0,-0.08293769279376907,0,-0.42386831275720155,0,0.8926895937987279,0.0,-0.5,0.5,2
102,2,0.3849983225228046,0.7000000000000001,0.5950617283950618,0,0.13494819135940203,0,-0.4990253411306042,0,0.7587665803718064,-0.5,0.5,0.0,1
103,0,0.3849983225228046,0.7000000000000001,0.5950617283950618,0,-0.35301111775213345,0,-0.14991181657848326,0,0.8181897401865615,-0.1,0.1,0.1,1
103,1,0.3849983225228046,0.7000000000000001,0.5950617283950618,0,-0.35301111775213345,0,-0.14991181657848326,0,0.8181897401865615,-0.1,0.1,0.1,1
103,2,0.4051706570157622,0.775,0.5796296296296296,0,-0.35301111775213345,0,-0.14991181657848326,0,0.8181897401865615,-0.5,0.0,0.5,2
104,0,0.4051706570157622,0.775,0.5796296296296296,0,-0.3009835310271195,0,-0.2520908004778973,0,0.91277425099876,-0.1,0.1,0.1,1
104,1,0.4643444871161126,0.8,0.597037037037037,0,-0.3009835310271195,0,-0.2520908004778973,0,0.91277425099876,0.0,0.0,0.11290322580645187,2
104,2,0.4643444871161126,0.8,0.597037037037037,0,-0.22225178956978658,0,-0.25370370370370376,0,0.7228588304526472,-0.1,0.1,0.1,1
105,0,0.4860809189374433,0.8166666666666668,0.5962962962962962,0,-0.22225178956978658,0,-0.25370370370370376,0,0.7228588304526472,-0.014491040361453012,0.02516290392738693,0.22910052910053025,2
105,1,0.4860809189374433,0.8166666666666668,0.5962962962962962,0,-0.18483324153348005,0,-0.26984126984127005,0,0.6801043506333737,-0.1,0.1,0.1,1
105,2,0.4860809189374433,0.8166666666666668,0.5962962962962962,0,-0.18483324153348005,0,-0.26984126984127005,0,0.6801043506333737,-0.1,0.1,0.1,1
106,0,0.4860809189374433,0.8166666666666668,0.5962962962962962,0,-0.18483324153348005,0,-0.26984126984127005,0,0.6801043506333737,-0.1,0.1,0.1,1
106,1,0.4860809189374433,0.8166666666666668,0.5962962962962962,0,-0.18483324153348005,0,-0.26984126984127005,0,0.6801043506333737,-0.1,0.1,0.1,1
106,2,0.46749418232193346,0.8142857142857143,0.5765873015873015,0,-0.18483324153348005,0,-0.26984126984127005,0,0.6801043506333737,-0.5,0.1349729420541285,0.276552492341965,2
107,0,0.46749418232193346,0.8142857142857143,0.5765873015873015,0,-0.1892048592902461,0,-0.2919103313840157,0,0.7418092996181236,-0.1,0.1,0.1,1
107,1,0.4105732915144046,0.725,0.5045138888888889,0,-0.1892048592902461,0,-0.2919103313840157,0,0.7418092996181236,-0.2921142532972837,0.09399072249110432,0.197667540498755,2
107,2,0.37582557029744373,0.6555555555555554,0.5225308641975309,0,-0.18620022053579827,0,-0.30411877394636005,0,0.765823581280284,-0.05696887299402156,0.5,0.0,1
108,0,0.344931060637696,0.6199999999999999,0.5036111111111111,0,-0.2807590975996943,0,-0.20291902071563067,0,0.7443080177772948,-0.5,0.3746031450901207,0.06960998724257347,1
108,1,0.344931060637696,0.6199999999999999,0.5036111111111111,0,-0.3150844907359594,0,-0.1877240143369174,0,0.7974606254761935,-0.1,0.1,0.1,1
108,2,0.344931060637696,0.6199999999999999,0.5036111111111111,0,-0.3150844907359594,0,-0.1877240143369174,0,0.7974606254761935,-0.1,0.1,0.1,1
109,0,0.344931060637696,0.6199999999999999,0.5036111111111111,0,-0.3150844907359594,0,-0.1877240143369174,0,0.7974606254761935,-0.1,0.1,0.1,1
109,1,0.344931060637696,0.6199999999999999,0.5036111111111111,0,-0.3150844907359594,0,-0.1877240143369174,0,0.7974606254761935,-0.1,0.1,0.1,1
109,2,0.344931060637696,0.6199999999999999,0.5036111111111111,0,-0.3150844907359594,0,-0.1877240143369174,0,0.7974606254761935,-0.1,0.1,0.1,1
110,0,0.344931060637696,0.6199999999999999,0.5036111111111111,0,-0.3150844907359594,0,-0.1877240143369174,0,0.7974606254761935,-0.1,0.1,0.1,1
110,1,0.32687858748923687,0.5727272727272726,0.5487373737373737,0,-0.3150844907359594,0,-0.1877240143369174,0,0.7974606254761935,-0.009298937506000993,0.5,-0.016225749559083225,1
110,2,0.32687858748923687,0.5727272727272726,0.5487373737373737,0,-0.40430777429480996,0,-0.04188712522045839,0,0.752110094229194,-0.1,0.1,0.08377425044091678,1
111,0,0.29999247853330413,0.5333333333333332,0.5030092592592593,0,-0.40430777429480996,0,-0.04188712522045839,0,0.752110094229194,-0.3056980505646901,0.09859337247446323,0.14305177111716458,2
111,1,0.31803626347173836,0.5615384615384614,0.5184472934472935,0,-0.4036044605320416,0,-0.05685763888888856,0,0.7778223505497802,-0.07564104228461446,0.06591124952440255,0.18859194361768875,2
111,2,0.31803626347173836,0.5615384615384614,0.5184472934472935,0,-0.38656008529424285,0,-0.0767376966007101,0,0.7656428716920874,-0.1,0.1,0.10000000000000002,2
112,0,0.3142460278086374,0.5428571428571428,0.5369708994708995,0,-0.38656008529424285,0,-0.0767376966007101,0,0.7656428716920874,-0.023695989512827167,0.3257605390116466,-0.0697484704282803,1
112,1,0.3142460278086374,0.5428571428571428,0.5369708994708995,0,-0.4147801526706987,0,-0.010843079922027184,0,0.727490866448501,-0.1,0.1,0.021686159844054365,1
112,2,0.3142460278086374,0.5428571428571428,0.5369708994708995,0,-0.4147801526706987,0,-0.010843079922027184,0,0.727490866448501,-0.1,0.1,0.021686159844054365,1
113,0,0.328300370658403,0.5733333333333331,0.5278395061728396,0,-0.4147801526706987,0,-0.010843079922027184,0,0.727490866448501,-0.25101881382236824,0.026499569605128694,0.40507052893444356,2
113,1,0.3091466652463556,0.54375,0.5365162037037037,0,-0.378029937473263,0,-0.07934969853574458,0,0.7463682181762971,-0.20004543456412663,0.46607060660412347,-0.0652681300361212,1
113,2,0.3091466652463556,0.54375,0.5365162037037037,0,-0.42378876329877846,0,-0.013303533418475918,0,0.7588738974968129,-0.1,0.1,0.026607066836951843,1
114,0,0.3091466652463556,0.54375,0.5365162037037037,0,-0.42378876329877846,0,-0.013303533418475918,0,0.7588738974968129,-0.1,0.1,0.026607066836951843,1
114,1,0.3278461310928273,0.5647058823529412,0.5419934640522875,0,-0.42378876329877846,0,-0.013303533418475918,0,0.7588738974968129,-0.027196822596195516,0.042643563370424326,0.08594009983361071,2
114,2,0.3303243244218487,0.5777777777777778,0.5396604938271605,0,-0.3951105449839906,0,-0.04021990740740746,0,0.7224723087949106,-0.3132032160856436,0.08558581752210762,0.17796610169491536,2
115,0,0.3399479568554379,0.5947368421052632,0.546345029239766,0,-0.3879034537450444,0,-0.06597222222222227,0,0.7491227108056161,-0.10296869623494179,0.0797488726056054,0.17622090369694254,2
115,1,0.3399479568554379,0.5947368421052632,0.546345029239766,0,-0.3777778900478471,0,-0.08136676499508379,0,0.7494937978349838,-0.1,0.1,0.1,1
115,2,0.3399479568554379,0.5947368421052632,0.546345029239766,0,-0.3777778900478471,0,-0.08136676499508379,0,0.7494937978349838,-0.1,0.1,0.1,1
116,0,0.3399479568554379,0.5947368421052632,0.546345029239766,0,-0.3777778900478471,0,-0.08136676499508379,0,0.7494937978349838,-0.1,0.1,0.1,1
116,1,0.341571012411372,0.6050000000000001,0.5419444444444445,0,-0.3777778900478471,0,-0.08136676499508379,0,0.7494937978349838,-0.27387031091848824,0.08390537348612107,0.28285835019543726,2
116,2,0.341571012411372,0.6050000000000001,0.5419444444444445,0,-0.36973057679090765,0,-0.10422405876951345,0,0.7712275866997949,-0.1,0.1,0.1,1
117,0,0.341571012411372,0.6050000000000001,0.5419444444444445,0,-0.36973057679090765,0,-0.10422405876951345,0,0.7712275866997949,-0.1,0.1,0.1,1
117,1,0.341571012411372,0.6050000000000001,0.5419444444444445,0,-0.36973057679090765,0,-0.10422405876951345,0,0.7712275866997949,-0.1,0.1,0.1,1
117,2,0.341599516489123,0.6238095238095239,0.5304232804232805,0,-0.36973057679090765,0,-0.10422405876951345,0,0.7712275866997949,-0.5,0.07251273935695293,0.4638326358659457,2
118,0,0.3298318380946033,0.6090909090909092,0.5214646464646465,0,-0.3559869464693841,0,-0.14970313825275666,0,0.8261428769598006,-0.2642254404306271,0.1920208297766307,0.08832175002848361,1
118,1,0.3298318380946033,0.6090909090909092,0.5214646464646465,0,-0.36748955019146295,0,-0.14386401326699846,0,0.846671057013629,-0.1,0.1,0.1,1
118,2,0.3298318380946033,0.6090909090909092,0.5214646464646465,0,-0.36748955019146295,0,-0.14386401326699846,0,0.846671057013629,-0.1,0.1,0.1,1
119,0,0.34520841520623635,0.6260869565217392,0.5277777777777778,0,-0.36748955019146295,0,-0.14386401326699846,0,0.846671057013629,-0.033956230641998174,0.05686269462502061,0.20526073337018563,2
119,1,0.3330016376350166,0.6041666666666666,0.5196759259259259,0,-0.34592089750397326,0,-0.15702160493827166,0,0.8136491723346281,-0.10524975637705439,0.2063358949498738,0.06565027671349485,1
119,2,0.3330016376350166,0.6041666666666666,0.5196759259259259,0,-0.3592128843727075,0,-0.1398467432950191,0,0.8143053918817599,-0.1,0.1,0.1,1
120,0,0.3330016376350166,0.6041666666666666,0.5196759259259259,0,-0.3592128843727075,0,-0.1398467432950191,0,0.8143053918817599,-0.1,0.1,0.1,1
120,1,0.3409178044434218,0.62,0.5175555555555555,0,-0.3592128843727075,0,-0.1398467432950191,0,0.8143053918817599,-0.13451833117862436,0.06415892855351327,0.3030898529230014,2
120,2,0.3409178044434218,0.62,0.5175555555555555,0,-0.3412923486494641,0,-0.16523297491039426,0,0.8186201832790879,-0.1,0.1,0.1,1
121,0,0.3409178044434218,0.62,0.5175555555555555,0,-0.3412923486494641,0,-0.16523297491039426,0,0.8186201832790879,-0.1,0.1,0.1,1
121,1,0.34028471751882405,0.6269230769230769,0.5136752136752136,0,-0.3412923486494641,0,-0.16523297491039426,0,0.8186201832790879,-0.2898274278267884,0.09251307475756368,0.22326230841964118,2
121,2,0.34028471751882405,0.6269230769230769,0.5136752136752136,0,-0.33754888602824595,0,-0.1806407634628494,0,0.8423486117574365,-0.1,0.1,0.1,1
122,0,0.34413011528901694,0.6333333333333334,0.5147119341563785,0,-0.33754888602824595,0,-0.1806407634628494,0,0.8423486117574365,-0.09608109372963672,0.08772664504954633,0.15324946084821392,2
122,1,0.34413011528901694,0.6333333333333334,0.5147119341563785,0,-0.3314122085530191,0,-0.18729694606887615,0,0.8403891586222548,-0.1,0.1,0.1,1
122,2,0.34413011528901694,0.6333333333333334,0.5147119341563785,0,-0.3314122085530191,0,-0.18729694606887615,0,0.8403891586222548,-0.1,0.1,0.1,1
123,0,0.34413011528901694,0.6333333333333334,0.5147119341563785,0,-0.3314122085530191,0,-0.18729694606887615,0,0.8403891586222548,-0.1,0.1,0.1,1
123,1,0.3461267512240872,0.6428571428571429,0.5122023809523809,0,-0.3314122085530191,0,-0.18729694606887615,0,0.8403891586222548,-0.23519261078791712,0.08565218473831607,0.22755035737491774,2
123,2,0.3461267512240872,0.6428571428571429,0.5122023809523809,0,-0.32423830092217715,0,-0.20324074074074086,0,0.8572882349707445,-0.1,0.1,0.1,1
124,0,0.3461267512240872,0.6428571428571429,0.5122023809523809,0,-0.32423830092217715,0,-0.20324074074074086,0,0.8572882349707445,-0.1,0.1,0.1,1
124,1,0.33453548849126497,0.6241379310344828,0.5060344827586206,0,-0.32423830092217715,0,-0.20324074074074086,0,0.8572882349707445,-0.16717622915606026,0.21735537592933019,0.07197155719255174,1
124,2,0.33652880916312683,0.6300000000000001,0.5044444444444445,0,-0.3389077229133434,0,-0.18922651933701673,0,0.865685263615252,-0.15094743520341272,0.08792936365871343,0.18054410632679463,2
125,0,0.3379419330567099,0.6354838709677421,0.5029569892473118,0,-0.33287240474270013,0,-0.19929453262786606,0,0.8720536930156786,-0.16719325153637624,0.0904347832768009,0.17400245302106637,2
125,1,0.3379419330567099,0.6354838709677421,0.5029569892473118,0,-0.3280897963811006,0,-0.20854483925549935,0,0.8804528494577256,-0.1,0.1,0.1,1
125,2,0.33257542548830554,0.625,0.5011284722222222,0,-0.3280897963811006,0,-0.20854483925549935,0,0.8804528494577256,-0.09764019534201288,0.16605744516421508,0.07929921037789014,1
126,0,0.32416432307223314,0.6151515151515152,0.496043771043771,0,-0.33634697702662747,0,-0.19819444444444442,0,0.879272947128732,-0.24704326055625928,0.1812287205619606,0.09085796387520559,1
126,1,0.32416432307223314,0.6151515151515152,0.496043771043771,0,-0.34650056709687255,0,-0.19362342638204721,0,0.8976533546982645,-0.1,0.1,0.1,1
126,2,0.31673753044719133,0.6029411764705882,0.49125816993464044,0,-0.34650056709687255,0,-0.19362342638204721,0,0.8976533546982645,-0.14756340067369092,0.17001459154882148,0.0832138518429518,1
127,0,0.3086012787713714,0.5914285714285714,0.48198412698412696,0,-0.35525239104047523,0,-0.1852303523035231,0,0.9035987797824758,-0.20305994157652166,0.13579926453734795,0.09964128143696885,1
127,1,0.3086012787713714,0.5914285714285714,0.48198412698412696,0,-0.3597272991076437,0,-0.18505099302200753,0,0.916481272479541,-0.1,0.1,0.1,1
127,2,0.3086012787713714,0.5914285714285714,0.48198412698412696,0,-0.3597272991076437,0,-0.18505099302200753,0,0.916481272479541,-0.1,0.1,0.1,1
128,0,0.3086012787713714,0.5914285714285714,0.48198412698412696,0,-0.3597272991076437,0,-0.18505099302200753,0,0.916481272479541,-0.1,0.1,0.1,1
128,1,0.3051498404197969,0.5833333333333334,0.4902006172839506,0,-0.3597272991076437,0,-0.18505099302200753,0,0.916481272479541,-0.09029577646646639,0.2421823225922507,0.049210183268154434,1
128,2,0.3051498404197969,0.5833333333333334,0.4902006172839506,0,-0.37750008943167507,0,-0.15965608465608475,0,0.9116291607127742,-0.1,0.1,0.1,1
129,0,0.3051498404197969,0.5833333333333334,0.4902006172839506,0,-0.37750008943167507,0,-0.15965608465608475,0,0.9116291607127742,-0.1,0.1,0.1,1
129,1,0.3051498404197969,0.5833333333333334,0.4902006172839506,0,-0.37750008943167507,0,-0.15965608465608475,0,0.9116291607127742,-0.1,0.1,0.1,1
129,2,0.3051498404197969,0.5833333333333334,0.4902006172839506,0,-0.37750008943167507,0,-0.15965608465608475,0,0.9116291607127742,-0.1,0.1,0.1,1
130,0,0.3051498404197969,0.5833333333333334,0.4902006172839506,0,-0.37750008943167507,0,-0.15965608465608475,0,0.9116291607127742,-0.1,0.1,0.1,1
130,1,0.3051498404197969,0.5833333333333334,0.4902006172839506,0,-0.37750008943167507,0,-0.15965608465608475,0,0.9116291607127742,-0.1,0.1,0.1,1
130,2,0.3051498404197969,0.5833333333333334,0.4902006172839506,0,-0.37750008943167507,0,-0.15965608465608475,0,0.9116291607127742,-0.1,0.1,0.1,1
131,0,0.2989411302054366,0.5756756756756757,0.4889639639639639,0,-0.37750008943167507,0,-0.15965608465608475,0,0.9116291607127742,-0.2126935951740009,0.18898641264558147,0.08193978686936434,1
131,1,0.30006029345843604,0.5815789473684211,0.4859649122807017,0,-0.38862339101237275,0,-0.15062597809076692,0,0.9257158601095243,-0.19992875027063342,0.08784803912104103,0.21022596109588665,2
131,2,0.3026395880094096,0.5897435897435898,0.4830009496676163,0,-0.38254741057289327,0,-0.16440422322775275,0,0.9382069538933535,-0.18367539121112167,0.0817416469080541,0.23275333173031354,2
132,0,0.3026395880094096,0.5897435897435898,0.4830009496676163,0,-0.3734182340269203,0,-0.18099838969404194,0,0.9486663777947437,-0.1,0.1,0.1,1
132,1,0.3026395880094096,0.5897435897435898,0.4830009496676163,0,-0.3734182340269203,0,-0.18099838969404194,0,0.9486663777947437,-0.1,0.1,0.1,1
132,2,0.30349582972621947,0.5974999999999999,0.4792592592592593,0,-0.3734182340269203,0,-0.18099838969404194,0,0.9486663777947437,-0.2604735278791631,0.08664306786456347,0.2351525074282927,2
133,0,0.30349582972621947,0.5974999999999999,0.4792592592592593,0,-0.36673976795920205,0,-0.19789245312257853,0,0.9687255687796391,-0.1,0.1,0.1,1
133,1,0.30349582972621947,0.5974999999999999,0.4792592592592593,0,-0.36673976795920205,0,-0.19789245312257853,0,0.9687255687796391,-0.1,0.1,0.1,1
133,2,0.2994944168513901,0.5902439024390244,0.47570009033423666,0,-0.36673976795920205,0,-0.19789245312257853,0,0.9687255687796391,-0.1166036157462921,0.12938881486054435,0.09233875460577648,1
134,0,0.2994944168513901,0.5902439024390244,0.47570009033423666,0,-0.3704133698167701,0,-0.19406183042546676,0,0.9708010207479256,-0.1,0.1,0.1,1
134,1,0.2994944168513901,0.5902439024390244,0.47570009033423666,0,-0.3704133698167701,0,-0.19406183042546676,0,0.9708010207479256,-0.1,0.1,0.1,1
134,2,0.30392433561140236,0.5976190476190476,0.4740740740740741,0,-0.3704133698167701,0,-0.19406183042546676,0,0.9708010207479256,-0.09108104830557409,0.07699246950585617,0.20133448452897917,2
135,0,0.30392433561140236,0.5976190476190476,0.4740740740740741,0,-0.35890960456969817,0,-0.20672864099158916,0,0.9663415449007127,-0.1,0.1,0.1,1
135,1,0.30392433561140236,0.5976190476190476,0.4740740740740741,0,-0.35890960456969817,0,-0.20672864099158916,0,0.9663415449007127,-0.1,0.1,0.1,1
135,2,0.311498694637751,0.6046511627906976,0.47596899224806205,0,-0.35890960456969817,0,-0.20672864099158916,0,0.9663415449007127,-0.04952363015841535,0.0732774811449726,0.14873497463138832,2
136,0,0.311498694637751,0.6046511627906976,0.47596899224806205,0,-0.34554834514218447,0,-0.2128205128205127,0,0.9411033599799203,-0.1,0.1,0.1,1
136,1,0.311498694637751,0.6046511627906976,0.47596899224806205,0,-0.34554834514218447,0,-0.2128205128205127,0,0.9411033599799203,-0.1,0.1,0.1,1
136,2,0.311498694637751,0.6046511627906976,0.47596899224806205,0,-0.34554834514218447,0,-0.2128205128205127,0,0.9411033599799203,-0.1,0.1,0.1,1
137,0,0.311498694637751,0.6046511627906976,0.47596899224806205,0,-0.34554834514218447,0,-0.2128205128205127,0,0.9411033599799203,-0.1,0.1,0.1,1
137,1,0.311498694637751,0.6046511627906976,0.47596899224806205,0,-0.34554834514218447,0,-0.2128205128205127,0,0.9411033599799203,-0.1,0.1,0.1,1
137,2,0.3183823007514681,0.6136363636363635,0.47500000000000003,0,-0.34554834514218447,0,-0.2128205128205127,0,0.9411033599799203,-0.07250732782495253,0.06834625391997598,0.20484330484330443,2
138,0,0.3183823007514681,0.6136363636363635,0.47500000000000003,0,-0.32972147210217245,0,-0.22592592592592575,0,0.9273570238923966,-0.1,0.1,0.1,1
138,1,0.3183823007514681,0.6136363636363635,0.47500000000000003,0,-0.32972147210217245,0,-0.22592592592592575,0,0.9273570238923966,-0.1,0.1,0.1,1
138,2,0.3183823007514681,0.6136363636363635,0.47500000000000003,0,-0.32972147210217245,0,-0.22592592592592575,0,0.9273570238923966,-0.1,0.1,0.1,1
139,0,0.3211570209374443,0.6177777777777778,0.47925925925925933,0,-0.32972147210217245,0,-0.22592592592592575,0,0.9273570238923966,-0.09248677612688408,0.10133822917273153,0.09658939515054629,1
139,1,0.3211570209374443,0.6177777777777778,0.47925925925925933,0,-0.3298887507487639,0,-0.2242206235011989,0,0.9236004119558386,-0.1,0.1,0.1,1
139,2,0.32484803618695257,0.6239130434782608,0.48091787439613537,0,-0.3298887507487639,0,-0.2242206235011989,0,0.9236004119558386,-0.09406015954209992,0.08927235303388018,0.13976191868804536,2
140,0,0.3209798424049817,0.6170212765957446,0.4848699763593382,0,-0.324524927265704,0,-0.22919086333720456,0,0.9206304917268886,-0.1133990730138649,0.20786793097988887,0.06997076374704606,1
140,1,0.3209798424049817,0.6170212765957446,0.4848699763593382,0,-0.3380084186381901,0,-0.2141762452107276,0,0.9223053758536217,-0.1,0.1,0.1,1
140,2,0.3209798424049817,0.6170212765957446,0.4848699763593382,0,-0.3380084186381901,0,-0.2141762452107276,0,0.9223053758536217,-0.1,0.1,0.1,1
141,0,0.3209798424049817,0.6170212765957446,0.4848699763593382,0,-0.3380084186381901,0,-0.2141762452107276,0,0.9223053758536217,-0.1,0.1,0.1,1
141,1,0.3209798424049817,0.6170212765957446,0.4848699763593382,0,-0.3380084186381901,0,-0.2141762452107276,0,0.9223053758536217,-0.1,0.1,0.1,1
141,2,0.3209798424049817,0.6170212765957446,0.4848699763593382,0,-0.3380084186381901,0,-0.2141762452107276,0,0.9223053758536217,-0.1,0.1,0.1,1
142,0,0.3209798424049817,0.6170212765957446,0.4848699763593382,0,-0.3380084186381901,0,-0.2141762452107276,0,0.9223053758536217,-0.1,0.1,0.1,1
142,1,0.3209798424049817,0.6170212765957446,0.4848699763593382,0,-0.3380084186381901,0,-0.2141762452107276,0,0.9223053758536217,-0.1,0.1,0.1,1
142,2,0.3209798424049817,0.6170212765957446,0.4848699763593382,0,-0.3380084186381901,0,-0.2141762452107276,0,0.9223053758536217,-0.1,0.1,0.1,1
143,0,0.3209798424049817,0.6170212765957446,0.4848699763593382,0,-0.3380084186381901,0,-0.2141762452107276,0,0.9223053758536217,-0.1,0.1,0.1,1
143,1,0.3237887779690006,0.6229166666666667,0.4832561728395062,0,-0.3380084186381901,0,-0.2141762452107276,0,0.9223053758536217,-0.11224892694285096,0.0839536042122844,0.18022313629510273,2
143,2,0.3237887779690006,0.6229166666666667,0.4832561728395062,0,-0.3299852207443323,0,-0.22420413724761543,0,0.9238364917214781,-0.1,0.1,0.1,1
144,0,0.3237887779690006,0.6229166666666667,0.4832561728395062,0,-0.3299852207443323,0,-0.22420413724761543,0,0.9238364917214781,-0.1,0.1,0.1,1
144,1,0.3240861139413818,0.6285714285714286,0.48019652305366595,0,-0.3299852207443323,0,-0.22420413724761543,0,0.9238364917214781,-0.22546631014774512,0.09022339215072431,0.19477479042696444,2
144,2,0.3240861139413818,0.6285714285714286,0.48019652305366595,0,-0.32509691681969444,0,-0.23605098605098598,0,0.9395197804899462,-0.1,0.1,0.1,1
145,0,0.3240861139413818,0.6285714285714286,0.48019652305366595,0,-0.32509691681969444,0,-0.23605098605098598,0,0.9395197804899462,-0.1,0.1,0.1,1
145,1,0.3268568101141796,0.632,0.4797592592592593,0,-0.32509691681969444,0,-0.23605098605098598,0,0.9395197804899462,-0.08809724292653934,0.08721939474168974,0.13869009565212145,2
145,2,0.3268568101141796,0.632,0.4797592592592593,0,-0.3187066141905393,0,-0.24088724800750116,0,0.9335684019532159,-0.1,0.1,0.1,1
146,0,0.32189790825899683,0.6254901960784314,0.4768881626724764,0,-0.3187066141905393,0,-0.24088724800750116,0,0.9335684019532159,-0.17651051926744313,0.1503739530670604,0.09337934120780036,1
146,1,0.3171457147498015,0.6192307692307691,0.47840099715099715,0,-0.32500335832392185,0,-0.23757691861140134,0,0.9431322168616463,-0.17503714090950986,0.19654414160489464,0.07970008502242368,1
146,2,0.3167469417600116,0.6226415094339621,0.47802236198462617,0,-0.3370713760245337,0,-0.22742696112261318,0,0.952511859475335,-0.20580936748353143,0.10247293702906105,0.13872123582268428,2
147,0,0.3112327305252428,0.6129629629629628,0.46917009602194787,0,-0.3373804931531663,0,-0.23226711560044871,0,0.9657380304107764,-0.12984128973697243,0.09850172517439529,0.11855547756856968,2
147,1,0.3070510166469285,0.6036363636363635,0.4788215488215488,0,-0.33663135574036396,0,-0.23458655029651992,0,0.969468191627898,-0.09289468656588276,0.27683723822657036,0.044369960540382475,1
147,2,0.3028988876104899,0.5964285714285714,0.47622354497354497,0,-0.35873601051868526,0,-0.20677153056671116,0,0.9659155349108394,-0.12522142687100182,0.14176396149111828,0.08953966230858254,1
148,0,0.3028988876104899,0.5964285714285714,0.47622354497354497,0,-0.36395650570507504,0,-0.20154136172100243,0,0.9690682132697146,-0.1,0.1,0.1,1
148,1,0.3028988876104899,0.5964285714285714,0.47622354497354497,0,-0.36395650570507504,0,-0.20154136172100243,0,0.9690682132697146,-0.1,0.1,0.1,1
148,2,0.3028988876104899,0.5964285714285714,0.47622354497354497,0,-0.36395650570507504,0,-0.20154136172100243,0,0.9690682132697146,-0.1,0.1,0.1,1
149,0,0.3047550982115199,0.6017543859649123,0.4763157894736842,0,-0.36395650570507504,0,-0.20154136172100243,0,0.9690682132697146,-0.14385972223660595,0.09245232206634083,0.15530759019699528,2
149,1,0.30941430880586696,0.6068965517241378,0.476404853128991,0,-0.36018266673824545,0,-0.20845481049562684,0,0.9745506785492903,-0.07377185497977515,0.08067934827409498,0.15247936115283003,2
149,2,0.30941430880586696,0.6068965517241378,0.476404853128991,0,-0.35052234087529294,0,-0.2150147306397306,0,0.9614366060391779,-0.1,0.1,0.1,1
150,0,0.3060333170994675,0.6,0.47680477087256745,0,-0.35052234087529294,0,-0.2150147306397306,0,0.9614366060391779,-0.0982684837781568,0.1610854516355155,0.08062130247864727,1
150,1,0.3060333170994675,0.6,0.47680477087256745,0,-0.3581580223297324,0,-0.20532538187905422,0,0.9605708479282563,-0.1,0.1,0.1,1
150,2,0.3060333170994675,0.6,0.47680477087256745,0,-0.3581580223297324,0,-0.20532538187905422,0,0.9605708479282563,-0.1,0.1,0.1,1
151,0,0.3060333170994675,0.6,0.47680477087256745,0,-0.3581580223297324,0,-0.20532538187905422,0,0.9605708479282563,-0.1,0.1,0.1,1
151,1,0.3060333170994675,0.6,0.47680477087256745,0,-0.3581580223297324,0,-0.20532538187905422,0,0.9605708479282563,-0.1,0.1,0.1,1
151,2,0.3060333170994675,0.6,0.47680477087256745,0,-0.3581580223297324,0,-0.20532538187905422,0,0.9605708479282563,-0.1,0.1,0.1,1
152,0,0.3060333170994675,0.6,0.47680477087256745,0,-0.3581580223297324,0,-0.20532538187905422,0,0.9605708479282563,-0.1,0.1,0.1,1
152,1,0.3060333170994675,0.6,0.47680477087256745,0,-0.3581580223297324,0,-0.20532538187905422,0,0.9605708479282563,-0.1,0.1,0.1,1
152,2,0.30315819568813757,0.5933333333333334,0.4771913580246913,0,-0.3581580223297324,0,-0.20532538187905422,0,0.9605708479282563,-0.09320627013878849,0.152360533711584,0.08083904065304456,1
153,0,0.30315819568813757,0.5933333333333334,0.4771913580246913,0,-0.3647030890436804,0,-0.1957449022055765,0,0.9571739829976506,-0.1,0.1,0.1,1
153,1,0.30315819568813757,0.5933333333333334,0.4771913580246913,0,-0.3647030890436804,0,-0.1957449022055765,0,0.9571739829976506,-0.1,0.1,0.1,1
153,2,0.30315819568813757,0.5933333333333334,0.4771913580246913,0,-0.3647030890436804,0,-0.1957449022055765,0,0.9571739829976506,-0.1,0.1,0.1,1
154,0,0.30315819568813757,0.5933333333333334,0.4771913580246913,0,-0.3647030890436804,0,-0.1957449022055765,0,0.9571739829976506,-0.1,0.1,0.1,1
154,1,0.30315819568813757,0.5933333333333334,0.4771913580246913,0,-0.3647030890436804,0,-0.1957449022055765,0,0.9571739829976506,-0.1,0.1,0.1,1
154,2,0.30315819568813757,0.5933333333333334,0.4771913580246913,0,-0.3647030890436804,0,-0.1957449022055765,0,0.9571739829976506,-0.1,0.1,0.1,1
155,0,0.30315819568813757,0.5933333333333334,0.4771913580246913,0,-0.3647030890436804,0,-0.1957449022055765,0,0.9571739829976506,-0.1,0.1,0.1,1
155,1,0.30315819568813757,0.5933333333333334,0.4771913580246913,0,-0.3647030890436804,0,-0.1957449022055765,0,0.9571739829976506,-0.1,0.1,0.1,1
155,2,0.30315819568813757,0.5933333333333334,0.4771913580246913,0,-0.3647030890436804,0,-0.1957449022055765,0,0.9571739829976506,-0.1,0.1,0.1,1
156,0,0.2996025805773096,0.5868852459016394,0.4748330297510625,0,-0.3647030890436804,0,-0.1957449022055765,0,0.9571739829976506,-0.11364126986589831,0.13466273514543384,0.09036411654891338,1
156,1,0.3046859802884201,0.5919354838709678,0.4779271206690561,0,-0.3690359309368596,0,-0.1909269604800332,0,0.9588791417308878,-0.06778632420696754,0.08689700006537152,0.11340579158611588,2
156,2,0.3046859802884201,0.5919354838709678,0.4779271206690561,0,-0.36248443096954536,0,-0.19260268442829767,0,0.9427723038343716,-0.1,0.1,0.1,1
157,0,0.3046859802884201,0.5919354838709678,0.4779271206690561,0,-0.36248443096954536,0,-0.19260268442829767,0,0.9427723038343716,-0.1,0.1,0.1,1
157,1,0.3046859802884201,0.5919354838709678,0.4779271206690561,0,-0.36248443096954536,0,-0.19260268442829767,0,0.9427723038343716,-0.1,0.1,0.1,1
157,2,0.3027836363288946,0.5873015873015873,0.47915931804820694,0,-0.36248443096954536,0,-0.19260268442829767,0,0.9427723038343716,-0.09380365845511687,0.14487674761374017,0.08306289941167297,1
158,0,0.2990821348448356,0.58125,0.47427662037037044,0,-0.3680940244212629,0,-0.18413413413413415,0,0.93967413306193,-0.13017550696881522,0.1103921739850228,0.09981217776916687,1
158,1,0.30016556133769035,0.5876923076923077,0.4715954415954417,0,-0.3693930461693907,0,-0.18404022301871759,0,0.9434460714330319,-0.2155822596504672,0.0882348461070678,0.2080544035562889,2
158,2,0.30016556133769035,0.5876923076923077,0.4715954415954417,0,-0.3635104692229246,0,-0.1975470234632537,0,0.9578938538893403,-0.1,0.1,0.1,1
159,0,0.30016556133769035,0.5876923076923077,0.4715954415954417,0,-0.3635104692229246,0,-0.1975470234632537,0,0.9578938538893403,-0.1,0.1,0.1,1
159,1,0.30442458256362637,0.5924242424242424,0.47455106621773296,0,-0.3635104692229246,0,-0.1975470234632537,0,0.9578938538893403,-0.07630430026684279,0.08997875142967351,0.11136388996755056,2
159,2,0.30442458256362637,0.5924242424242424,0.47455106621773296,0,-0.3584998449377614,0,-0.19896750970919752,0,0.9460460040227617,-0.1,0.1,0.1,1
160,0,0.30442458256362637,0.5924242424242424,0.47455106621773296,0,-0.3584998449377614,0,-0.19896750970919752,0,0.9460460040227617,-0.1,0.1,0.1,1
160,1,0.310168762886328,0.5970149253731343,0.47686567164179117,0,-0.3584998449377614,0,-0.19896750970919752,0,0.9460460040227617,-0.057521472161256165,0.08213601507696736,0.11825992232641772,2
160,2,0.3066425834911097,0.5926470588235294,0.4731209150326799,0,-0.34956785247624506,0,-0.20124999999999973,0,0.9248067401033898,-0.1631183650902214,0.11843874201883411,0.10345464571271026,1
161,0,0.3066425834911097,0.5926470588235294,0.4731209150326799,0,-0.3518726952285993,0,-0.20168183071408852,0,0.9326965357396675,-0.1,0.1,0.1,1
161,1,0.3066425834911097,0.5926470588235294,0.4731209150326799,0,-0.3518726952285993,0,-0.20168183071408852,0,0.9326965357396675,-0.1,0.1,0.1,1
161,2,0.3022765947217575,0.5855072463768116,0.46626409017713377,0,-0.3518726952285993,0,-0.20168183071408852,0,0.9326965357396675,-0.13436108373742997,0.09966496822205287,0.11580828057991979,2
162,0,0.3022765947217575,0.5855072463768116,0.46626409017713377,0,-0.35170517933962575,0,-0.2036578657865785,0,0.9369916712068462,-0.1,0.1,0.1,1
162,1,0.30666609123215266,0.5914285714285714,0.4691269841269842,0,-0.35170517933962575,0,-0.2036578657865785,0,0.9369916712068462,-0.08316675235076323,0.08919909842610366,0.12505806136169154,2
162,2,0.30666609123215266,0.5914285714285714,0.4691269841269842,0,-0.3463047285526776,0,-0.20679012345678993,0,0.9285750473822278,-0.1,0.1,0.1,1
163,0,0.30666609123215266,0.5914285714285714,0.4691269841269842,0,-0.3463047285526776,0,-0.20679012345678993,0,0.9285750473822278,-0.1,0.1,0.1,1
163,1,0.30666609123215266,0.5914285714285714,0.4691269841269842,0,-0.3463047285526776,0,-0.20679012345678993,0,0.9285750473822278,-0.1,0.1,0.1,1
163,2,0.30666609123215266,0.5914285714285714,0.4691269841269842,0,-0.3463047285526776,0,-0.20679012345678993,0,0.9285750473822278,-0.1,0.1,0.1,1
164,0,0.30666609123215266,0.5914285714285714,0.4691269841269842,0,-0.3463047285526776,0,-0.20679012345678993,0,0.9285750473822278,-0.1,0.1,0.1,1
164,1,0.30666609123215266,0.5914285714285714,0.4691269841269842,0,-0.3463047285526776,0,-0.20679012345678993,0,0.9285750473822278,-0.1,0.1,0.1,1
164,2,0.30666609123215266,0.5914285714285714,0.4691269841269842,0,-0.3463047285526776,0,-0.20679012345678993,0,0.9285750473822278,-0.1,0.1,0.1,1
165,0,0.3027533206864459,0.5873239436619718,0.46251956181533654,0,-0.3463047285526776,0,-0.20679012345678993,0,0.9285750473822278,-0.19093723870455773,0.0982423654719489,0.14565236699529308,2
165,1,0.3027533206864459,0.5873239436619718,0.46251956181533654,0,-0.345425911288652,0,-0.21249666933120157,0,0.9399422022202976,-0.1,0.1,0.1,1
165,2,0.2990054058341296,0.5805555555555555,0.46998456790123455,0,-0.345425911288652,0,-0.21249666933120157,0,0.9399422022202976,-0.1134405619729563,0.24697187946872556,0.05592106856779347,1
166,0,0.2961055518322877,0.5767123287671232,0.46659056316590564,0,-0.3637973962222427,0,-0.1904572036150983,0,0.9416222724669171,-0.14828533115673484,0.11269771676420728,0.10392220744764749,1
166,1,0.2961055518322877,0.5767123287671232,0.46659056316590564,0,-0.36538461081776863,0,-0.19094747954605423,0,0.947657938861509,-0.1,0.1,0.1,1
166,2,0.2961055518322877,0.5767123287671232,0.46659056316590564,0,-0.36538461081776863,0,-0.19094747954605423,0,0.947657938861509,-0.1,0.1,0.1,1
167,0,0.2961055518322877,0.5767123287671232,0.46659056316590564,0,-0.36538461081776863,0,-0.19094747954605423,0,0.947657938861509,-0.1,0.1,0.1,1
167,1,0.2961055518322877,0.5767123287671232,0.46659056316590564,0,-0.36538461081776863,0,-0.19094747954605423,0,0.947657938861509,-0.1,0.1,0.1,1
167,2,0.2961055518322877,0.5767123287671232,0.46659056316590564,0,-0.36538461081776863,0,-0.19094747954605423,0,0.947657938861509,-0.1,0.1,0.1,1
168,0,0.2961055518322877,0.5767123287671232,0.46659056316590564,0,-0.36538461081776863,0,-0.19094747954605423,0,0.947657938861509,-0.1,0.1,0.1,1
168,1,0.2990768036632247,0.5824324324324324,0.4665915915915916,0,-0.36538461081776863,0,-0.19094747954605423,0,0.947657938861509,-0.0995527667090669,0.0872668122199243,0.1635518986148087,2
168,2,0.2990768036632247,0.5824324324324324,0.4665915915915916,0,-0.3590180169277308,0,-0.19889146687290532,0,0.9474343222160424,-0.1,0.1,0.1,1
169,0,0.2990768036632247,0.5824324324324324,0.4665915915915916,0,-0.3590180169277308,0,-0.19889146687290532,0,0.9474343222160424,-0.1,0.1,0.1,1
169,1,0.2990768036632247,0.5824324324324324,0.4665915915915916,0,-0.3590180169277308,0,-0.19889146687290532,0,0.9474343222160424,-0.1,0.1,0.1,1
169,2,0.2957024051395871,0.5773333333333333,0.4714814814814815,0,-0.3590180169277308,0,-0.19889146687290532,0,0.9474343222160424,-0.13983249042490034,0.21043877815625167,0.06890939368554652,1
170,0,0.2921526175941861,0.5710526315789474,0.47843567251461994,0,-0.37282286419726224,0,-0.18334616371567858,0,0.9524133835191549,-0.11779757342602384,0.23228607503798748,0.05768043242527346,1
170,1,0.2921526175941861,0.5710526315789474,0.47843567251461994,0,-0.3893586235770107,0,-0.1621863799283153,0,0.9546380801974079,-0.1,0.1,0.1,1
170,2,0.2921526175941861,0.5710526315789474,0.47843567251461994,0,-0.3893586235770107,0,-0.1621863799283153,0,0.9546380801974079,-0.1,0.1,0.1,1
171,0,0.29554270840276126,0.5766233766233766,0.47914862914862916,0,-0.3893586235770107,0,-0.1621863799283153,0,0.9546380801974079,-0.09285615570728015,0.08766674969516677,0.15486131292582953,2
171,1,0.29554270840276126,0.5766233766233766,0.47914862914862916,0,-0.38319199842459406,0,-0.169044044044044,0,0.951066158051048,-0.1,0.1,0.1,1
171,2,0.2948727648355689,0.573076923076923,0.48155270655270654,0,-0.38319199842459406,0,-0.169044044044044,0,0.951066158051048,-0.08481141975964249,0.13576427198335397,0.0813252850165602,1
172,0,0.2948727648355689,0.573076923076923,0.48155270655270654,0,-0.3876625324225133,0,-0.1597066865523241,0,0.9434718679308692,-0.1,0.1,0.1,1
172,1,0.2948727648355689,0.573076923076923,0.48155270655270654,0,-0.3876625324225133,0,-0.1597066865523241,0,0.9434718679308692,-0.1,0.1,0.1,1
172,2,0.2948727648355689,0.573076923076923,0.48155270655270654,0,-0.3876625324225133,0,-0.1597066865523241,0,0.9434718679308692,-0.1,0.1,0.1,1
173,0,0.2935405141430975,0.5683544303797469,0.4860056258790436,0,-0.3876625324225133,0,-0.1597066865523241,0,0.9434718679308692,-0.085465032235471,0.16681305433443983,0.07036638438112272,1
173,1,0.2935405141430975,0.5683544303797469,0.4860056258790436,0,-0.3960141642143183,0,-0.14488987874288545,0,0.9362043840486047,-0.1,0.1,0.1,1
173,2,0.2935405141430975,0.5683544303797469,0.4860056258790436,0,-0.3960141642143183,0,-0.14488987874288545,0,0.9362043840486047,-0.1,0.1,0.1,1
174,0,0.291319695919973,0.5625,0.4924305555555556,0,-0.3960141642143183,0,-0.14488987874288545,0,0.9362043840486047,-0.08932806520308115,0.19912276441535315,0.059356044983364775,1
174,1,0.291319695919973,0.5625,0.4924305555555556,0,-0.40840450976623743,0,-0.12456790123456783,0,0.9308684166501453,-0.1,0.1,0.1,1
174,2,0.2895691966449734,0.5592592592592592,0.4932098765432099,0,-0.40840450976623743,0,-0.12456790123456783,0,0.9308684166501453,-0.10384690151682499,0.13587182109556376,0.0870672880385904,1
175,0,0.2895691966449734,0.5592592592592592,0.4932098765432099,0,-0.4128884874031829,0,-0.11810154525386303,0,0.9313492793397484,-0.1,0.1,0.1,1
175,1,0.2895691966449734,0.5592592592592592,0.4932098765432099,0,-0.4128884874031829,0,-0.11810154525386303,0,0.9313492793397484,-0.1,0.1,0.1,1
175,2,0.29043836192343964,0.5634146341463414,0.4917118337850046,0,-0.4128884874031829,0,-0.11810154525386303,0,0.9313492793397484,-0.1682200005946072,0.09288736488316665,0.17330532275344535,2
176,0,0.2873355316752015,0.5578313253012048,0.49783578759482383,0,-0.4093321698447662,0,-0.1272647105980437,0,0.9398767794140743,-0.112133536046683,0.2079882631904998,0.06057337058057017,1
176,1,0.2873355316752015,0.5578313253012048,0.49783578759482383,0,-0.4228307027435787,0,-0.10755139588832878,0,0.9413934714199097,-0.1,0.1,0.1,1
176,2,0.2886008794223772,0.5607142857142856,0.49736552028218706,0,-0.4228307027435787,0,-0.10755139588832878,0,0.9413934714199097,-0.1118204090989984,0.0938203532860056,0.14341835243413906,2
177,0,0.286223610951408,0.556470588235294,0.5013180827886712,0,-0.4197408793865815,0,-0.11297868994259616,0,0.9428710225572845,-0.1104821134733637,0.17453597347487182,0.07150081674753833,1
177,1,0.286223610951408,0.556470588235294,0.5013180827886712,0,-0.4290578760709405,0,-0.09911126771591848,0,0.944181286741455,-0.1,0.1,0.10000000000000002,2
177,2,0.2848526733830967,0.5534883720930232,0.5019487510766582,0,-0.4290578760709405,0,-0.09911126771591848,0,0.944181286741455,-0.09777523606918673,0.12758867563967594,0.08066216529292776,1
178,0,0.2857272166247421,0.5563218390804596,0.5024052788420605,0,-0.43250646052589997,0,-0.09311780267662585,0,0.9430689047760483,-0.13175530065664934,0.09754991951673955,0.12704989352689225,2
178,1,0.2857272166247421,0.5563218390804596,0.5024052788420605,0,-0.43128142028426975,0,-0.09691613100703969,0,0.9470383173581295,-0.1,0.1,0.1,1
178,2,0.2882438143508187,0.5613636363636364,0.5023779461279462,0,-0.43128142028426975,0,-0.09691613100703969,0,0.9470383173581295,-0.10393791849997172,0.08991937298225819,0.1652767399178913,2
179,0,0.2882438143508187,0.5613636363636364,0.5023779461279462,0,-0.42624110677539884,0,-0.1050757234967761,0,0.947530557170626,-0.1,0.1,0.1,1
179,1,0.29043066001024426,0.5662921348314607,0.5008531002913026,0,-0.42624110677539884,0,-0.1050757234967761,0,0.947530557170626,-0.11844294875075292,0.08777390209937577,0.18385041425977056,2
179,2,0.29043066001024426,0.5662921348314607,0.5008531002913026,0,-0.4201280578250867,0,-0.11555702527924742,0,0.9498359257644701,-0.1,0.1,0.1,1
180,0,0.29043066001024426,0.5662921348314607,0.5008531002913026,0,-0.4201280578250867,0,-0.11555702527924742,0,0.9498359257644701,-0.1,0.1,0.1,1
180,1,0.28778416104898563,0.5611111111111111,0.49899176954732516,0,-0.4201280578250867,0,-0.11555702527924742,0,0.9498359257644701,-0.09985555168767193,0.1251253120129058,0.09030142432232638,1
180,2,0.28778416104898563,0.5611111111111111,0.49899176954732516,0,-0.42326872182669995,0,-0.11070773744041061,0,0.949763701608306,-0.1,0.1,0.1,1
181,0,0.28778416104898563,0.5611111111111111,0.49899176954732516,0,-0.42326872182669995,0,-0.11070773744041061,0,0.949763701608306,-0.1,0.1,0.1,1
181,1,0.28778416104898563,0.5611111111111111,0.49899176954732516,0,-0.42326872182669995,0,-0.11070773744041061,0,0.949763701608306,-0.1,0.1,0.1,1
181,2,0.28778416104898563,0.5611111111111111,0.49899176954732516,0,-0.42326872182669995,0,-0.11070773744041061,0,0.949763701608306,-0.1,0.1,0.1,1
182,0,0.28778416104898563,0.5611111111111111,0.49899176954732516,0,-0.42326872182669995,0,-0.11070773744041061,0,0.949763701608306,-0.1,0.1,0.1,1
182,1,0.28778416104898563,0.5611111111111111,0.49899176954732516,0,-0.42326872182669995,0,-0.11070773744041061,0,0.949763701608306,-0.1,0.1,0.1,1
182,2,0.2860574767650575,0.5582417582417583,0.4983923483923484,0,-0.42326872182669995,0,-0.11070773744041061,0,0.949763701608306,-0.11390695260858177,0.12216694312436963,0.09300563914659199,1
183,0,0.2860574767650575,0.5582417582417583,0.4983923483923484,0,-0.42603958971724615,0,-0.1072105570137066,0,0.9515020706843788,-0.1,0.1,0.1,1
183,1,0.2839276321461442,0.5554347826086956,0.4965982286634461,0,-0.42603958971724615,0,-0.1072105570137066,0,0.9515020706843788,-0.13802153501672745,0.11772202734072482,0.09743653618640111,1
183,2,0.28602562911674134,0.5591397849462365,0.49603743528474714,0,-0.42825484313483675,0,-0.10592882510690714,0,0.9562547625614697,-0.09720854226062117,0.09024820428126792,0.1554184019937447,2
184,0,0.28602562911674134,0.5591397849462365,0.49603743528474714,0,-0.4233789452754707,0,-0.11285612535612523,0,0.9548590336917803,-0.1,0.1,0.1,1
184,1,0.284543261176566,0.5553191489361702,0.5013987391646967,0,-0.4233789452754707,0,-0.11285612535612523,0,0.9548590336917803,-0.09351370580948806,0.1729767872292668,0.06656144554745934,1
184,2,0.284543261176566,0.5553191489361702,0.5013987391646967,0,-0.43250104367912906,0,-0.09709805591031627,0,0.9516158865965243,-0.1,0.1,0.10000000000000002,2
185,0,0.2856430404820835,0.5589473684210525,0.5015789473684211,0,-0.43250104367912906,0,-0.09709805591031627,0,0.9516158865965243,-0.14150278523805895,0.09602251512661367,0.1443078314368648,2
185,1,0.2856430404820835,0.5589473684210525,0.5015789473684211,0,-0.4305123012424359,0,-0.10263653483992437,0,0.9568037347512817,-0.1,0.1,0.1,1
185,2,0.2839184058784981,0.55625,0.5009837962962963,0,-0.4305123012424359,0,-0.10263653483992437,0,0.9568037347512817,-0.11908725882645613,0.12212771589583973,0.09234434627153093,1
186,0,0.2874121725487142,0.5608247422680412,0.5009736540664376,0,-0.43327826572941586,0,-0.0993549729504786,0,0.9591896421045887,-0.08420241436509338,0.08602914758528626,0.15891838633081182,2
186,1,0.2874121725487142,0.5608247422680412,0.5009736540664376,0,-0.426292839522059,0,-0.10671977124183007,0,0.9512908492871354,-0.1,0.1,0.1,1
186,2,0.28743139548723606,0.563265306122449,0.4988378684807256,0,-0.426292839522059,0,-0.10671977124183007,0,0.9512908492871354,-0.16688355825013748,0.09501024881659129,0.16129819077389432,2
187,0,0.28743139548723606,0.563265306122449,0.4988378684807256,0,-0.4237979639303546,0,-0.11438204508856686,0,0.9596512940684025,-0.1,0.1,0.1,1
187,1,0.2890873607433545,0.5656565656565656,0.49969135802469133,0,-0.4237979639303546,0,-0.11438204508856686,0,0.9596512940684025,-0.09409275507049122,0.09534039232648209,0.11788014722797305,2
187,2,0.2890873607433545,0.5656565656565656,0.49969135802469133,0,-0.42146816009359567,0,-0.1166170634920635,0,0.9566976716036482,-0.1,0.1,0.1,1
188,0,0.2932539814571687,0.569,0.5017314814814814,0,-0.42146816009359567,0,-0.1166170634920635,0,0.9566976716036482,-0.06719988126439894,0.08809584629649572,0.1128423113045264,2
188,1,0.2932539814571687,0.569,0.5017314814814814,0,-0.4155160832418435,0,-0.1182223524051293,0,0.9402976122358476,-0.1,0.1,0.1,1
188,2,0.2932539814571687,0.569,0.5017314814814814,0,-0.4155160832418435,0,-0.1182223524051293,0,0.9402976122358476,-0.1,0.1,0.1,1
189,0,0.2932539814571687,0.569,0.5017314814814814,0,-0.4155160832418435,0,-0.1182223524051293,0,0.9402976122358476,-0.1,0.1,0.1,1
189,1,0.2908422378533221,0.5663366336633662,0.500064173083975,0,-0.4155160832418435,0,-0.1182223524051293,0,0.9402976122358476,-0.1554564298257576,0.1229927075537475,0.09759440422885018,1
189,2,0.2908422378533221,0.5663366336633662,0.500064173083975,0,-0.41839017168606196,0,-0.11701955451955438,0,0.9472296659640673,-0.1,0.1,0.1,1
190,0,0.2908422378533221,0.5663366336633662,0.500064173083975,0,-0.41839017168606196,0,-0.11701955451955438,0,0.9472296659640673,-0.1,0.1,0.1,1
190,1,0.2908422378533221,0.5663366336633662,0.500064173083975,0,-0.41839017168606196,0,-0.11701955451955438,0,0.9472296659640673,-0.1,0.1,0.1,1
190,2,0.2908422378533221,0.5663366336633662,0.500064173083975,0,-0.41839017168606196,0,-0.11701955451955438,0,0.9472296659640673,-0.1,0.1,0.1,1
191,0,0.2885660183767986,0.5617647058823528,0.4984295570079884,0,-0.41839017168606196,0,-0.11701955451955438,0,0.9472296659640673,-0.09903241767088891,0.1212749935484018,0.09144728485915206,1
191,1,0.2885660183767986,0.5617647058823528,0.4984295570079884,0,-0.4210495458796122,0,-0.1127431969491304,0,0.9467458747995118,-0.1,0.1,0.1,1
191,2,0.2885660183767986,0.5617647058823528,0.4984295570079884,0,-0.4210495458796122,0,-0.1127431969491304,0,0.9467458747995118,-0.1,0.1,0.1,1
192,0,0.29279741945456544,0.5650485436893202,0.5007820927723841,0,-0.4210495458796122,0,-0.1127431969491304,0,0.9467458747995118,-0.06616346691152422,0.08854032733978082,0.10794369512096737,2
192,1,0.29144707201106435,0.5605769230769231,0.505582264957265,0,-0.4153197095495026,0,-0.11373615883925133,0,0.9298276082552739,-0.08719710702654818,0.16577625520343045,0.06741412739431284,1
192,2,0.29144707201106435,0.5605769230769231,0.505582264957265,0,-0.4235417414499314,0,-0.09810367829235749,0,0.923426161768548,-0.1,0.1,0.10000000000000002,2
193,0,0.29144707201106435,0.5605769230769231,0.505582264957265,0,-0.4235417414499314,0,-0.09810367829235749,0,0.923426161768548,-0.1,0.1,0.10000000000000002,2
193,1,0.29144707201106435,0.5605769230769231,0.505582264957265,0,-0.4235417414499314,0,-0.09810367829235749,0,0.923426161768548,-0.1,0.1,0.10000000000000002,2
193,2,0.28977409553892325,0.5580952380952381,0.5071164021164021,0,-0.4235417414499314,0,-0.09810367829235749,0,0.923426161768548,-0.12032374167843543,0.14034328208042793,0.07871698217544403,1
194,0,0.2920357614639883,0.5613207547169811,0.5079227812718379,0,-0.4285846517099849,0,-0.09134433067880172,0,0.9259666294783524,-0.09225864345315818,0.09290880989981012,0.12629740611034543,2
194,1,0.2920357614639883,0.5613207547169811,0.5079227812718379,0,-0.42503905665988995,0,-0.0951291627762215,0,0.9220959512049315,-0.1,0.1,0.1,1
194,2,0.2920357614639883,0.5613207547169811,0.5079227812718379,0,-0.42503905665988995,0,-0.0951291627762215,0,0.9220959512049315,-0.1,0.1,0.1,1
195,0,0.2940425157091003,0.5635514018691588,0.5094063689858083,0,-0.42503905665988995,0,-0.0951291627762215,0,0.9220959512049315,-0.08893678995030432,0.0954702205398146,0.10731500041521705,2
195,1,0.2940425157091003,0.5635514018691588,0.5094063689858083,0,-0.42277416692979725,0,-0.09607825072169988,0,0.9165643461800836,-0.1,0.1,0.10000000000000002,2
195,2,0.29556242966902935,0.5675925925925925,0.5083933470507545,0,-0.42277416692979725,0,-0.09607825072169988,0,0.9165643461800836,-0.1305364337364713,0.091720362186019,0.16576466548493451,2
196,0,0.29556242966902935,0.5675925925925925,0.5083933470507545,0,-0.41863434802280675,0,-0.1042988339073167,0,0.9203814003971426,-0.1,0.1,0.1,1
196,1,0.29556242966902935,0.5675925925925925,0.5083933470507545,0,-0.41863434802280675,0,-0.1042988339073167,0,0.9203814003971426,-0.1,0.1,0.1,1
196,2,0.2972428143360415,0.5715596330275229,0.5073989126741419,0,-0.41863434802280675,0,-0.1042988339073167,0,0.9203814003971426,-0.11991801824486839,0.0910976764029037,0.16365344026872455,2
197,0,0.29752027661934166,0.5736363636363635,0.5058164983164983,0,-0.4141831862242586,0,-0.11225551394090727,0,0.9228711526777511,-0.14149515873974697,0.0952375328824712,0.14777968374186015,2
197,1,0.29853631090772076,0.5765765765765765,0.5042625959292626,0,-0.4118019526654942,0,-0.11822797440863979,0,0.9280580475202195,-0.12629468692672355,0.09234511282859328,0.15753268621236183,2
197,2,0.29853631090772076,0.5765765765765765,0.5042625959292626,0,-0.4079745090797908,0,-0.12541956018518502,0,0.9313448833860599,-0.1,0.1,0.1,1
198,0,0.29853631090772076,0.5765765765765765,0.5042625959292626,0,-0.4079745090797908,0,-0.12541956018518502,0,0.9313448833860599,-0.1,0.1,0.1,1
198,1,0.2960620782729762,0.5723214285714285,0.5027364417989418,0,-0.4079745090797908,0,-0.12541956018518502,0,0.9313448833860599,-0.11414429128718453,0.12499457538269612,0.09232838410758662,1
198,2,0.29698678783892796,0.5743362831858406,0.503080957063258,0,-0.41109883100262784,0,-0.12158375223897833,0,0.933112919796958,-0.10612247048603898,0.09713038581991965,0.11985409325635135,2
199,0,0.29698678783892796,0.5743362831858406,0.503080957063258,0,-0.40966402391258766,0,-0.12406551389602224,0,0.9338782286077129,-0.1,0.1,0.1,1
199,1,0.29698678783892796,0.5743362831858406,0.503080957063258,0,-0.40966402391258766,0,-0.12406551389602224,0,0.9338782286077129,-0.1,0.1,0.1,1
199,2,0.3004634693220156,0.5780701754385964,0.5042235217673814,0,-0.40966402391258766,0,-0.12406551389602224,0,0.9338782286077129,-0.08010016737184769,0.08888514988981935,0.12945082279461576,2
200,0,0.3004634693220156,0.5780701754385964,0.5042235217673814,0,-0.40410659885749733,0,-0.1277468667453492,0,0.9239283122936367,-0.1,0.1,0.1,1
200,1,0.3004634693220156,0.5780701754385964,0.5042235217673814,0,-0.40410659885749733,0,-0.1277468667453492,0,0.9239283122936367,-0.1,0.1,0.1,1
200,2,0.30392809487006817,0.5817391304347825,0.5047665056360708,0,-0.40410659885749733,0,-0.1277468667453492,0,0.9239283122936367,-0.08027996596702161,0.08755438402230933,0.13654247731993832,2
