step,agente,fila_Lucro,LU,fila_Variabilidade,VA,fila_Sustentabilidade,SU,fila
1,0,116.4090078125178,0.582045039062589,116.4090078125178,1.0,54.32420364584164,0.4666666666666667,0
1,1,13.956286681187663,0.06978143340593831,1.3956286681187664,0.1,13.956286681187663,1.0,2
1,2,73.08772206817594,0.36543861034087965,58.47017765454075,0.8,48.72514804545063,0.6666666666666667,2
2,0,31.327186206508554,0.15663593103254278,6.265437241301711,0.2,31.327186206508554,1.0,2
2,1,71.57528299447216,0.3578764149723608,57.26022639557773,0.8,38.76994495533909,0.5416666666666667,0
2,2,73.10330462573938,0.3655165231286969,73.10330462573938,1.0,41.42520595458565,0.5666666666666667,2
3,0,11.53432634867847,0.05767163174339235,1.153432634867847,0.1,11.53432634867847,1.0,2
3,1,65.04499600558653,0.32522498002793265,58.54049640502787,0.9,33.72703496585969,0.5185185185185186,0
3,2,84.44476385473519,0.4222238192736759,76.00028746926166,0.9,46.913757697075106,0.5555555555555556,0
4,0,12.095908727332805,0.060479543636664024,1.2095908727332807,0.1,8.063939151555205,0.6666666666666667,2
4,1,54.56668020564966,0.2728334010282483,43.65334416451973,0.8,22.73611675235402,0.41666666666666663,0
4,2,75.58150696560793,0.3779075348280396,75.58150696560793,1.0,40.31013704832423,0.5333333333333333,0
5,0,95.92324145818199,0.47961620729091,86.3309173123638,0.9,42.63255175919199,0.4444444444444444,0
5,1,52.76680144434584,0.26383400722172917,47.49012129991125,0.9,11.725955876521297,0.2222222222222222,0
5,2,67.34028527210887,0.33670142636054434,60.60625674489798,0.9,29.92901567649283,0.4444444444444444,0
6,0,71.9218201515282,0.35960910075764096,57.53745612122256,0.8,26.97068255682307,0.375,0
6,1,45.839087645974146,0.22919543822987073,36.67127011677932,0.8,19.099619852489226,0.41666666666666663,0
6,2,19.600201892758545,0.09800100946379273,5.880060567827563,0.3,10.889001051532524,0.5555555555555556,2
7,0,22.62750643535012,0.1131375321767506,6.788251930605036,0.3,12.570836908527845,0.5555555555555556,0
7,1,44.83649662203056,0.2241824831101528,35.869197297624446,0.8,28.0228103887691,0.625,0
7,2,64.01994656256177,0.32009973281280885,64.01994656256177,1.0,25.60797862502471,0.4,0
8,0,18.16474143671438,0.0908237071835719,3.632948287342876,0.2,9.08237071835719,0.5,0
8,1,25.71545194644999,0.12857725973224995,7.714635583934996,0.3,14.286362192472216,0.5555555555555556,0
8,2,47.51490718741828,0.2375745359370914,38.011925749934626,0.8,23.75745359370914,0.5,0
9,0,16.21050959422085,0.08105254797110424,3.24210191884417,0.2,8.105254797110424,0.5,0
9,1,25.018450193547014,0.12509225096773507,7.505535058064104,0.3,16.678966795698013,0.6666666666666667,0
9,2,16.569056101354505,0.08284528050677252,4.970716830406351,0.3,5.523018700451503,0.33333333333333337,0
10,0,9.777157072651123,0.048885785363255614,1.9554314145302247,0.2,3.2590523575503747,0.33333333333333337,0
10,1,2.5797885528552196,0.012898942764276097,0.5159577105710439,0.2,0.42996475880920315,0.16666666666666663,0
10,2,16.003042247367915,0.08001521123683958,3.200608449473583,0.2,5.334347415789305,0.33333333333333337,0
11,0,71.880742347179,0.35940371173589497,57.5045938777432,0.8,38.93540210472196,0.5416666666666667,0
11,1,19.42146349711185,0.09710731748555926,3.8842926994223705,0.2,12.947642331407902,0.6666666666666667,2
11,2,80.08376202721614,0.4004188101360807,72.07538582449453,0.9,59.32130520534528,0.7407407407407407,0
12,0,70.13287351658049,0.3506643675829024,70.13287351658049,1.0,28.053149406632198,0.4,0
12,1,86.98965483343714,0.43494827416718573,78.29068935009343,0.9,51.549425086481264,0.5925925925925926,2
12,2,22.23392942463414,0.1111696471231707,6.6701788273902425,0.3,14.822619616422763,0.6666666666666667,2
13,0,21.526011926073558,0.10763005963036779,2.152601192607356,0.1,21.526011926073558,1.0,0
13,1,65.48507926841262,0.3274253963420631,65.48507926841262,1.0,21.82835975613754,0.33333333333333337,0
13,2,62.83935305482121,0.31419676527410606,56.55541774933909,0.9,32.58336825064804,0.5185185185185186,0
14,0,6.024043001671866,0.03012021500835933,0.6024043001671866,0.1,6.024043001671866,1.0,2
14,1,62.800412306077405,0.314002061530387,56.52037107546967,0.9,32.5631767512994,0.5185185185185186,0
14,2,7.183783357951902,0.03591891678975951,2.1551350073855704,0.3,0.0,0.0,0
15,0,14.569934396018597,0.07284967198009298,2.9139868792037196,0.2,4.856644798672867,0.33333333333333337,0
15,1,29.368770899612592,0.14684385449806295,8.810631269883777,0.3,16.315983833118107,0.5555555555555556,0
15,2,39.006929000232326,0.19503464500116163,11.702078700069697,0.3,21.670516111240183,0.5555555555555556,0
16,0,8.083814367345317,0.040419071836726585,2.425144310203595,0.3,1.7964031927434037,0.2222222222222222,0
16,1,12.787457233740032,0.06393728616870016,2.5574914467480063,0.2,4.262485744580011,0.33333333333333337,0
16,2,116.65530960884003,0.5832765480442001,116.65530960884003,1.0,85.54722704648269,0.7333333333333334,0
17,0,2.0072953152578736,0.010036476576289368,0.40145906305157475,0.2,0.0,0.0,0
17,1,2.461142240585899,0.012305711202929495,0.4922284481171798,0.2,0.0,0.0,0
18,0,100.46036249847768,0.5023018124923884,90.41432624862992,0.9,70.6943291655954,0.7037037037037037,0
18,1,87.05496665669598,0.43527483328347993,69.64397332535678,0.8,61.66393471515965,0.7083333333333333,0
19,0,76.26180562375883,0.38130902811879414,76.26180562375883,1.0,40.67296299933804,0.5333333333333333,0
19,1,8.029181261031495,0.04014590630515747,1.605836252206299,0.2,5.35278750735433,0.6666666666666667,2
20,0,21.36113412722879,0.10680567063614395,4.272226825445759,0.2,17.800945106023992,0.8333333333333334,0
20,1,71.2366289538396,0.356183144769198,64.11296605845564,0.9,36.93751130939832,0.5185185185185186,0
20,2,72.70289169399898,0.3635144584699949,72.70289169399898,1.0,33.92801612386619,0.4666666666666667,0
21,0,85.42792335555178,0.4271396167777589,85.42792335555178,1.0,48.40915656814601,0.5666666666666667,0
21,1,28.510446903097286,0.14255223451548643,8.553134070929186,0.3,19.00696460206486,0.6666666666666667,2
21,2,69.83748075135878,0.3491874037567939,69.83748075135878,1.0,25.607076275498223,0.3666666666666667,2
22,1,60.90303219558803,0.3045151609779402,54.81272897602923,0.9,31.57935002734195,0.5185185185185186,2
22,2,62.23649049174919,0.31118245245874593,62.23649049174919,1.0,16.596397464466452,0.2666666666666667,2
23,1,76.89969022345387,0.3844984511172694,69.2097212011085,0.9,45.57018679908377,0.5925925925925926,2
24,0,62.37719324549029,0.31188596622745146,62.37719324549029,1.0,27.030117073045794,0.43333333333333335,2
24,1,68.1502322200752,0.34075116110037595,68.1502322200752,1.0,31.803441702701758,0.4666666666666667,2
25,0,21.526011926073558,0.10763005963036779,2.152601192607356,0.1,21.526011926073558,1.0,2
25,1,72.04222243039213,0.36021111215196067,64.83800018735292,0.9,29.35053506423383,0.40740740740740744,0
26,0,51.43562425142812,0.2571781212571406,46.29206182628531,0.9,24.765300565502432,0.4814814814814815,2
26,1,55.696181230038384,0.27848090615019194,44.55694498403071,0.8,20.886067961264395,0.375,2
26,2,70.06721886048113,0.35033609430240564,63.06049697443302,0.9,38.9262327002673,0.5555555555555556,2
27,0,0.9866966985497022,0.004933483492748511,0.09866966985497022,0.1,0.0,0.0,2
27,1,59.061415090217125,0.29530707545108564,59.061415090217125,1.0,21.65585219974628,0.3666666666666667,2
27,2,2.360611413933774,0.01180305706966887,0.23606114139337742,0.1,2.360611413933774,1.0,2
28,0,57.453159479163666,0.2872657973958183,45.96252758333094,0.8,28.726579739581833,0.5,2
28,1,2.1389169740607525,0.010694584870303763,0.21389169740607528,0.1,0.7129723246869176,0.33333333333333337,2
28,2,12.241013065618887,0.061205065328094437,2.4482026131237777,0.2,8.16067537707926,0.6666666666666667,0
29,0,12.131796001893653,0.06065898000946826,1.2131796001893653,0.1,12.131796001893653,1.0,0
29,1,87.3509975859453,0.43675498792972645,87.3509975859453,1.0,43.67549879297265,0.5,0
29,2,21.526011926073558,0.10763005963036779,2.152601192607356,0.1,21.526011926073558,1.0,2
30,0,4.658154951269601,0.02329077475634801,0.9316309902539204,0.2,1.5527183170898673,0.33333333333333337,2
30,1,54.382427808358706,0.2719121390417935,43.50594224668697,0.8,20.393410428134516,0.375,0
30,2,17.552931608321018,0.08776465804160509,5.265879482496305,0.3,9.751628671289454,0.5555555555555556,2
31,1,19.37746558863084,0.0968873279431542,5.8132396765892524,0.3,6.459155196210281,0.33333333333333337,0
31,2,8.654318822954272,0.043271594114771356,0.8654318822954272,0.1,2.8847729409847576,0.33333333333333337,0
32,1,18.659770759047625,0.09329885379523813,5.597931227714287,0.3,6.219923586349209,0.33333333333333337,0
32,2,93.45919551063243,0.46729597755316216,93.45919551063243,1.0,56.07551730637945,0.6,0
33,1,6.024043001671866,0.03012021500835933,0.6024043001671866,0.1,6.024043001671866,1.0,0
33,2,22.255949684942216,0.11127974842471108,4.451189936988444,0.2,18.546624737451847,0.8333333333333334,0
34,1,66.62812644693535,0.33314063223467677,53.302501157548285,0.8,36.090235158756656,0.5416666666666667,0
34,2,8.870925651103041,0.044354628255515206,1.7741851302206084,0.2,5.913950434068695,0.6666666666666667,2
35,1,21.657305708235576,0.10828652854117787,6.497191712470673,0.3,7.219101902745193,0.33333333333333337,2
35,2,69.8993240625531,0.3494966203127655,62.9093916562978,0.9,33.655230104192235,0.4814814814814815,2
36,0,94.06308599205656,0.4703154299602828,94.06308599205656,1.0,59.57328779496915,0.6333333333333333,2
36,1,3.2192173561854656,0.01609608678092733,0.3219217356185466,0.1,0.0,0.0,2
36,2,46.60546550239429,0.23302732751197144,41.94491895215486,0.9,15.535155167464765,0.33333333333333337,2
37,0,6.886137174960776,0.034430685874803885,2.065841152488233,0.3,1.5302527055468391,0.2222222222222222,2
37,1,7.5679846619096915,0.03783992330954846,0.7567984661909692,0.1,2.5226615539698973,0.33333333333333337,2
37,2,14.288818261272967,0.07144409130636484,1.4288818261272969,0.1,9.525878840848646,0.6666666666666667,0
38,0,13.273362467470209,0.06636681233735105,2.6546724934940418,0.2,11.061135389558508,0.8333333333333334,0
38,2,87.58435035142763,0.43792175175713816,78.82591531628486,0.9,64.87729655661306,0.7407407407407407,0
39,0,1.9871045175515467,0.009935522587757734,0.19871045175515467,0.1,0.0,0.0,0
39,2,8.053002518498372,0.040265012592491864,0.8053002518498373,0.1,5.368668345665582,0.6666666666666667,2
40,2,85.28304225402208,0.4264152112701104,85.28304225402208,1.0,45.484289202145106,0.5333333333333333,0
41,2,79.87027273117336,0.39935136365586676,79.87027273117336,1.0,37.27279394121423,0.4666666666666667,0
42,2,13.922433222891085,0.06961216611445542,2.7844866445782173,0.2,4.640811074297029,0.33333333333333337,0
43,2,60.61421538487701,0.30307107692438506,54.552793846389314,0.9,29.184622222348192,0.4814814814814815,0
44,0,82.8764059934622,0.414382029967311,74.58876539411598,0.9,49.111944292422045,0.5925925925925926,0
44,1,30.076903486654068,0.15038451743327033,9.02307104599622,0.3,20.051268991102713,0.6666666666666667,0
44,2,5.5547993057697145,0.02777399652884857,0.5554799305769714,0.1,5.5547993057697145,1.0,0
45,0,74.81387893908706,0.3740693946954353,67.33249104517836,0.9,38.79238167211922,0.5185185185185186,0
45,1,78.73354738959279,0.3936677369479639,62.98683791167423,0.8,49.20846711849549,0.625,0
45,2,70.09022714483443,0.35045113572417214,70.09022714483443,1.0,30.372431762761586,0.43333333333333335,2
46,0,49.292464237966655,0.24646232118983327,44.36321781416999,0.9,14.605174589027156,0.2962962962962963,2
46,2,4.969846955410333,0.024849234777051664,0.9939693910820666,0.2,1.6566156518034443,0.33333333333333337,2
47,0,79.71353212503044,0.3985676606251522,71.7421789125274,0.9,53.142354750020296,0.6666666666666667,0
47,1,14.248669822683418,0.07124334911341709,4.274600946805025,0.3,7.915927679268566,0.5555555555555556,2
47,2,13.724411142038823,0.06862205571019411,2.7448822284077647,0.2,4.574803714012941,0.33333333333333337,0
48,0,3.314385256201361,0.016571926281006805,0.6628770512402723,0.2,0.5523975427002268,0.16666666666666663,0
48,1,90.15645528042528,0.45078227640212637,90.15645528042528,1.0,48.083442816226814,0.5333333333333333,0
48,2,1.9280608035156428,0.009640304017578214,0.1928060803515643,0.1,0.6426869345052143,0.33333333333333337,2
49,0,65.61378145325368,0.3280689072662684,52.491025162602945,0.8,24.605168044970128,0.375,2
49,1,67.25532923061687,0.33627664615308434,67.25532923061687,1.0,29.143975999933975,0.43333333333333335,2
49,2,30.725334776881358,0.1536266738844068,9.217600433064407,0.3,23.897482604241056,0.7777777777777778,2
50,0,36.93672261198368,0.18468361305991843,29.54937808958695,0.8,12.31224087066123,0.33333333333333337,0
50,1,61.28465461615571,0.30642327308077855,55.156189154540144,0.9,31.777228319488152,0.5185185185185186,0
51,0,112.38762639702827,0.5619381319851413,112.38762639702827,1.0,78.67133847791979,0.7,2
51,1,18.95351574890134,0.0947675787445067,3.790703149780268,0.2,12.635677165934228,0.6666666666666667,2
52,0,72.73759982937464,0.3636879991468732,72.73759982937464,1.0,33.94421325370817,0.4666666666666667,2
52,1,11.03158510387169,0.05515792551935845,3.3094755311615067,0.3,1.2257316782079661,0.11111111111111116,2
53,0,14.29610131841864,0.0714805065920932,4.288830395525592,0.3,7.942278510232578,0.5555555555555556,2
53,1,109.04155368533203,0.5452077684266602,109.04155368533203,1.0,72.6943691235547,0.6666666666666667,2
54,0,75.01807423633217,0.37509037118166083,75.01807423633217,1.0,40.00963959271049,0.5333333333333333,2
54,1,50.74634276276712,0.2537317138138356,40.5970742102137,0.8,27.487602329832193,0.5416666666666667,2
54,2,10.622183034664873,0.05311091517332436,3.186654910399462,0.3,4.7209702376288325,0.4444444444444444,2
55,0,67.42802510980053,0.33714012554900263,53.942420087840425,0.8,36.52351360114196,0.5416666666666667,0
55,1,14.063185960653636,0.07031592980326817,4.218955788196091,0.3,3.125152435700808,0.2222222222222222,2
55,2,55.65237937973935,0.27826189689869674,55.65237937973935,1.0,22.260951751895742,0.4,2
56,0,6.767439035790504,0.03383719517895252,2.030231710737151,0.3,3.0077506825735574,0.4444444444444444,2
56,1,109.51706566139623,0.5475853283069811,109.51706566139623,1.0,80.31251481835724,0.7333333333333334,0
56,2,80.18838890949526,0.4009419445474763,64.15071112759621,0.8,56.80010881089247,0.7083333333333333,2
57,0,8.053002518498372,0.040265012592491864,0.8053002518498373,0.1,5.368668345665582,0.6666666666666667,2
57,1,45.518696977472544,0.22759348488736272,9.10373939549451,0.2,45.518696977472544,1.0,0
57,2,49.566377921905215,0.24783188960952607,49.566377921905215,1.0,11.56548818177788,0.23333333333333328,0
58,0,8.772475087528674,0.04386237543764337,2.631742526258602,0.3,2.924158362509558,0.33333333333333337,2
58,1,44.3996723461964,0.22199836173098197,35.519737876957116,0.8,12.94990443430728,0.29166666666666663,0
58,2,4.671438690384338,0.023357193451921693,0.46714386903843386,0.1,1.557146230128113,0.33333333333333337,2
59,0,36.00132430009701,0.18000662150048505,28.80105944007761,0.8,9.000331075024253,0.25,2
59,1,23.78297007074601,0.11891485035373005,7.134891021223803,0.3,15.855313380497343,0.6666666666666667,2
59,2,89.36752526012437,0.44683762630062185,89.36752526012437,1.0,41.70484512139137,0.4666666666666667,0
60,1,1.9280608035156428,0.009640304017578214,0.1928060803515643,0.1,0.6426869345052143,0.33333333333333337,0
60,2,19.986887467463983,0.09993443733731992,3.997377493492797,0.2,9.993443733731992,0.5,0
61,1,22.924588702819605,0.11462294351409802,6.877376610845881,0.3,10.188706090142047,0.4444444444444444,0
61,2,5.007202683757042,0.025036013418785207,0.5007202683757042,0.1,5.007202683757042,1.0,0
62,0,5.520835962302515,0.027604179811512575,1.104167192460503,0.2,2.7604179811512575,0.5,0
62,1,3.998718199385635,0.019993590996928174,0.3998718199385635,0.1,2.6658121329237567,0.6666666666666667,0
62,2,61.486719006990015,0.30743359503495005,55.338047106291015,0.9,20.49557300233001,0.33333333333333337,0
63,0,3.413886474885716,0.01706943237442858,0.6827772949771432,0.2,0.5689810791476192,0.16666666666666663,0
63,1,74.17455983945632,0.3708727991972816,74.17455983945632,1.0,34.61479459174628,0.4666666666666667,0
63,2,48.57469014499011,0.24287345072495053,38.85975211599209,0.8,30.359181340618818,0.625,0
64,0,44.360417737517594,0.22180208868758797,44.360417737517594,1.0,10.350764138754103,0.23333333333333328,0
64,1,52.451204063871494,0.26225602031935746,41.9609632510972,0.8,24.040135195941104,0.45833333333333337,0
64,2,21.526011926073558,0.10763005963036779,2.152601192607356,0.1,21.526011926073558,1.0,2
65,0,66.4546901340855,0.33227345067042746,53.1637521072684,0.8,33.22734506704275,0.5,2
65,2,8.158486784495658,0.04079243392247829,1.6316973568991315,0.2,5.438991189663772,0.6666666666666667,2
66,2,43.34277302670859,0.21671386513354296,34.674218421366874,0.8,23.477335389467157,0.5416666666666667,2
67,2,14.919012299271916,0.07459506149635958,1.4919012299271917,0.1,9.946008199514612,0.6666666666666667,2
68,2,84.09404658242075,0.4204702329121037,75.68464192417868,0.9,40.48972613227666,0.4814814814814815,2
69,2,23.830409080401825,0.11915204540200913,7.149122724120548,0.3,10.591292924623033,0.4444444444444444,2
70,1,52.43019150105996,0.2621509575052998,47.187172350953965,0.9,23.302307333804425,0.4444444444444444,0
70,2,72.00052775165227,0.36000263875826133,64.80047497648705,0.9,29.333548343265743,0.40740740740740744,0
71,0,12.465162173209514,0.06232581086604757,3.739548651962854,0.3,5.540072076982006,0.4444444444444444,2
71,1,20.572495671200283,0.10286247835600142,4.114499134240057,0.2,10.286247835600141,0.5,2
71,2,10.6191142223453,0.0530955711117265,3.1857342667035895,0.3,3.539704740781767,0.33333333333333337,0
72,0,60.26416500188401,0.30132082500942003,48.21133200150721,0.8,25.110068750785,0.41666666666666663,0
72,1,2.759155480051139,0.013795777400255695,0.5518310960102278,0.2,0.9197184933503798,0.33333333333333337,0
72,2,0.9089710616871429,0.004544855308435715,0.0908971061687143,0.1,0.3029903538957143,0.33333333333333337,0
73,0,66.25181710694707,0.3312590855347354,59.62663539625237,0.9,31.899023051493035,0.4814814814814815,0
73,1,32.88203288676008,0.1644101644338004,6.576406577352016,0.2,32.88203288676008,1.0,2
73,2,3.6872374702092072,0.018436187351046036,0.36872374702092076,0.1,2.458158313472805,0.6666666666666667,2
74,0,11.841824198414255,0.059209120992071276,2.368364839682851,0.2,3.947274732804752,0.33333333333333337,2
74,1,92.77477225411226,0.4638738612705613,92.77477225411226,1.0,46.38738612705613,0.5,2
74,2,3.6872374702092072,0.018436187351046036,0.36872374702092076,0.1,2.458158313472805,0.6666666666666667,2
75,0,69.78575013908876,0.3489287506954438,69.78575013908876,1.0,27.914300055635508,0.4,0
75,1,93.89956063499805,0.4694978031749903,75.11964850799845,0.8,62.59970708999871,0.6666666666666667,0
75,2,64.41937943395571,0.3220968971697786,51.53550354716457,0.8,32.209689716977856,0.5,2
76,0,5.007202683757042,0.025036013418785207,0.5007202683757042,0.1,5.007202683757042,1.0,2
76,1,40.33037124590794,0.2016518562295397,32.26429699672635,0.8,15.123889217215478,0.375,0
76,2,2.1389169740607525,0.010694584870303763,0.21389169740607528,0.1,0.7129723246869176,0.33333333333333337,0
77,0,6.67423654780359,0.03337118273901795,1.334847309560718,0.2,3.337118273901795,0.5,0
77,1,1.5669575764905224,0.007834787882452612,0.15669575764905225,0.1,1.044638384327015,0.6666666666666667,0
77,2,74.20461074077011,0.3710230537038505,74.20461074077011,1.0,39.57579239507739,0.5333333333333333,0
78,0,18.157155499659346,0.09078577749829674,5.447146649897804,0.3,12.104770333106233,0.6666666666666667,0
78,1,73.19434869789956,0.3659717434894978,58.55547895831965,0.8,36.59717434894978,0.5,0
78,2,59.51734269799627,0.29758671348998134,47.61387415839702,0.8,34.718449907164484,0.5833333333333333,0
79,0,4.574692174108724,0.022873460870543618,0.9149384348217448,0.2,0.0,0.0,0
79,1,75.55401106598327,0.37777005532991637,75.55401106598327,1.0,35.258538497458865,0.4666666666666667,0
79,2,6.684251949516231,0.03342125974758115,1.3368503899032462,0.2,3.3421259747581153,0.5,0
80,0,55.296685770256644,0.27648342885128324,55.296685770256644,1.0,16.589005731076995,0.30000000000000004,0
80,1,41.51456946226163,0.20757284731130818,33.21165556980931,0.8,12.108416093159642,0.29166666666666663,0
80,2,6.621852939742837,0.03310926469871418,1.3243705879485674,0.2,5.518210783119031,0.8333333333333334,0
81,0,11.540065145823041,0.0577003257291152,2.3080130291646084,0.2,1.9233441909705065,0.16666666666666663,0
81,1,67.37683076394856,0.3368841538197428,67.37683076394856,1.0,33.68841538197428,0.5,0
81,2,57.44508233414871,0.28722541167074356,45.95606586731897,0.8,21.541905875305766,0.375,0
82,0,87.10893391127006,0.4355446695563503,87.10893391127006,1.0,49.361729216386365,0.5666666666666667,0
82,1,55.341896105646114,0.2767094805282306,44.273516884516894,0.8,25.365035715087803,0.45833333333333337,0
82,2,38.30448395259939,0.19152241976299694,30.643587162079513,0.8,9.576120988149848,0.25,0
83,0,16.317498471739732,0.08158749235869867,4.8952495415219195,0.3,5.439166157246578,0.33333333333333337,0
83,2,21.921355257840048,0.10960677628920024,4.3842710515680094,0.2,14.614236838560034,0.6666666666666667,0
84,0,109.38288441624971,0.5469144220812485,109.38288441624971,1.0,69.27582679695814,0.6333333333333333,0
84,2,53.83283887543493,0.26916419437717465,48.44955498789144,0.9,21.93189731962164,0.40740740740740744,0
85,0,77.27657611848412,0.3863828805924206,69.5489185066357,0.9,37.207240353344204,0.4814814814814815,0
85,2,27.053712710515647,0.13526856355257824,8.116113813154694,0.3,18.0358084736771,0.6666666666666667,2
86,0,1.9871045175515467,0.009935522587757734,0.19871045175515467,0.1,0.0,0.0,2
86,2,14.435991210365916,0.07217995605182959,4.330797363109775,0.3,8.019995116869953,0.5555555555555556,2
87,0,15.137650304115711,0.07568825152057855,3.0275300608231426,0.2,10.091766869410476,0.6666666666666667,2
87,2,8.581391222024958,0.042906956110124794,1.7162782444049918,0.2,1.4302318703374928,0.16666666666666663,2
88,0,3.2192173561854656,0.01609608678092733,0.3219217356185466,0.1,0.0,0.0,0
88,1,47.91851401314399,0.23959257006571996,47.91851401314399,1.0,17.570121804819465,0.3666666666666667,2
88,2,1.0867852823278783,0.005433926411639391,0.10867852823278784,0.1,0.0,0.0,2
89,0,51.39094909599651,0.25695474547998254,41.11275927679721,0.8,19.27160591099869,0.375,2
89,2,79.36797782666568,0.3968398891333284,63.49438226133255,0.8,52.91198521777712,0.6666666666666667,2
90,0,4.233320614097728,0.021166603070488642,0.8466641228195457,0.2,1.4111068713659096,0.33333333333333337,2
90,1,57.225794769709864,0.2861289738485493,45.780635815767894,0.8,26.228489269450357,0.45833333333333337,2
90,2,51.3830757990966,0.256915378995483,41.10646063927729,0.8,25.6915378995483,0.5,2
91,0,93.55096381559862,0.4677548190779931,93.55096381559862,1.0,59.248943749879125,0.6333333333333333,2
91,1,20.561235840702476,0.10280617920351239,6.168370752210743,0.3,11.422908800390266,0.5555555555555556,2
91,2,69.79362826483815,0.34896814132419074,69.79362826483815,1.0,27.91745130593526,0.4,2
92,0,60.92984110897236,0.3046492055448618,48.74387288717789,0.8,30.46492055448618,0.5,2
92,1,15.137650304115711,0.07568825152057855,3.0275300608231426,0.2,10.091766869410476,0.6666666666666667,2
92,2,0.8201452671671017,0.0041007263358355086,0.08201452671671017,0.1,0.0,0.0,0
93,0,27.54388167787354,0.1377194083893677,8.263164503362061,0.3,18.36258778524903,0.6666666666666667,2
93,1,44.63110106427916,0.22315550532139578,35.704880851423326,0.8,7.438516844046524,0.16666666666666663,0
93,2,82.32340870423307,0.41161704352116535,82.32340870423307,1.0,52.13815884601428,0.6333333333333333,0
94,0,1.5669575764905224,0.007834787882452612,0.15669575764905225,0.1,1.044638384327015,0.6666666666666667,2
94,1,27.915087149124027,0.13957543574562015,8.374526144737208,0.3,15.50838174951335,0.5555555555555556,2
94,2,60.67337493946223,0.30336687469731116,54.60603744551601,0.9,31.460268487128566,0.5185185185185186,2
95,0,58.849655225902374,0.2942482761295119,52.96468970331214,0.9,30.514636043060495,0.5185185185185186,2
95,1,36.43997228496288,0.1821998614248144,29.151977827970303,0.8,13.664989606861079,0.375,2
95,2,62.83194600423077,0.3141597300211539,50.26555680338462,0.8,31.415973002115386,0.5,2
96,0,7.5679846619096915,0.03783992330954846,0.7567984661909692,0.1,2.5226615539698973,0.33333333333333337,2
96,1,4.587148550637999,0.022935742753189995,0.9174297101275999,0.2,0.7645247584396664,0.16666666666666663,0
96,2,93.07137036021263,0.4653568518010631,93.07137036021263,1.0,49.6380641921134,0.5333333333333333,0
97,0,10.29611750641932,0.0514805875320966,3.0888352519257958,0.3,1.1440130562688138,0.11111111111111116,0
97,1,47.19323804741268,0.2359661902370634,42.47391424267141,0.9,20.974772465516743,0.4444444444444444,2
97,2,14.919012299271916,0.07459506149635958,1.4919012299271917,0.1,9.946008199514612,0.6666666666666667,2
98,0,31.268735256196614,0.15634367628098306,9.380620576858984,0.3,24.320127421486255,0.7777777777777778,2
98,1,51.13581755748841,0.255679087787442,46.02223580173957,0.9,22.727030025550402,0.4444444444444444,0
98,2,7.542500644366298,0.037712503221831485,1.5085001288732596,0.2,2.514166881455433,0.33333333333333337,0
99,0,74.47927894966209,0.37239639474831043,67.03135105469588,0.9,35.860393568355825,0.4814814814814815,0
99,1,62.308492466134766,0.31154246233067384,49.84679397290782,0.8,38.94280779133423,0.625,0
99,2,60.956345518833224,0.3047817275941661,54.8607109669499,0.9,33.864636399351795,0.5555555555555556,2
100,0,53.8563944546702,0.269281972273351,43.08511556373617,0.8,24.684180791723843,0.45833333333333337,2
100,1,9.097128075304548,0.04548564037652274,1.8194256150609096,0.2,7.580940062753791,0.8333333333333334,2
100,2,43.427549924317695,0.21713774962158847,34.74203993945416,0.8,18.094812468465705,0.41666666666666663,2
101,0,107.87152423056367,0.5393576211528184,107.87152423056367,1.0,61.127197063986074,0.5666666666666667,0
101,1,126.06989413293407,0.6303494706646703,100.85591530634726,0.8,89.29950834416162,0.7083333333333333,2
101,2,106.57197691153459,0.532859884557673,106.57197691153459,1.0,56.83838768615178,0.5333333333333333,0
102,0,11.523532540239705,0.05761766270119852,1.1523532540239705,0.1,11.523532540239705,1.0,2
102,1,96.20321994435731,0.48101609972178655,86.58289794992159,0.9,39.19390442177521,0.40740740740740744,0
102,2,16.052606803481357,0.08026303401740678,4.8157820410444065,0.3,12.485360847152167,0.7777777777777778,2
103,0,20.89844695882916,0.10449223479414581,4.179689391765833,0.2,13.932297972552776,0.6666666666666667,2
103,1,85.0353149664508,0.425176574832254,76.53178346980572,0.9,37.79347331842258,0.4444444444444444,0
103,2,86.33184930562729,0.4316592465281364,77.69866437506457,0.9,47.962138503126276,0.5555555555555556,0
104,0,88.05049084347237,0.44025245421736187,79.24544175912514,0.9,48.91693935748466,0.5555555555555556,0
104,1,19.783729161765496,0.09891864580882748,3.9567458323530995,0.2,9.891864580882748,0.5,2
104,2,78.45560119073554,0.3922780059536777,70.61004107166198,0.9,40.680682098899915,0.5185185185185186,0
105,0,28.750758610080055,0.14375379305040029,8.625227583024015,0.3,15.972643672266699,0.5555555555555556,2
105,1,39.153818990707215,0.1957690949535361,11.746145697212164,0.3,17.401697329203206,0.4444444444444444,2
105,2,14.959502803141751,0.07479751401570875,2.99190056062835,0.2,9.973001868761168,0.6666666666666667,2
106,0,74.11589789063405,0.3705794894531702,74.11589789063405,1.0,24.705299296878017,0.33333333333333337,0
106,1,84.109665357948,0.42054832678974,84.109665357948,1.0,30.840210631247604,0.3666666666666667,0
106,2,5.35086408897585,0.026754320444879253,1.0701728177951702,0.2,2.675432044487925,0.5,2
107,0,26.881133295621247,0.13440566647810623,8.064339988686374,0.3,11.947170353609442,0.4444444444444444,2
107,1,71.50654536106585,0.3575327268053292,57.20523628885268,0.8,26.814954510399694,0.375,0
107,2,23.62535691251571,0.11812678456257855,4.725071382503142,0.2,11.812678456257855,0.5,2
108,0,63.18293547511533,0.31591467737557666,50.54634838009227,0.8,21.06097849170511,0.33333333333333337,0
108,1,41.24936760823627,0.20624683804118135,32.99949408658902,0.8,10.312341902059067,0.25,0
108,2,74.19008527457667,0.3709504263728834,74.19008527457667,1.0,27.203031267344784,0.3666666666666667,2
109,0,8.978598698825879,0.044892993494129396,1.7957197397651758,0.2,2.9928662329419597,0.33333333333333337,2
109,1,8.941821046650372,0.04470910523325186,0.8941821046650372,0.1,2.9806070155501243,0.33333333333333337,0
109,2,67.81773763624122,0.3390886881812061,61.035963872617096,0.9,22.60591254541374,0.33333333333333337,0
110,0,6.137417456558134,0.030687087282790668,0.6137417456558134,0.1,2.0458058188527115,0.33333333333333337,0
110,1,3.417612469338292,0.017088062346691458,0.6835224938676584,0.2,0.5696020782230485,0.16666666666666663,0
110,2,23.34661914581755,0.11673309572908774,7.003985743745265,0.3,7.782206381939184,0.33333333333333337,0
111,0,81.163240755941,0.405816203779705,81.163240755941,1.0,32.4652963023764,0.4,0
111,1,93.94600721300793,0.46973003606503966,93.94600721300793,1.0,37.578402885203175,0.4,0
111,2,129.4894993493547,0.6474474967467735,129.4894993493547,1.0,73.37738296463434,0.5666666666666667,0
112,0,73.87505950457384,0.3693752975228692,66.48755355411646,0.9,38.30558640977903,0.5185185185185186,0
112,1,18.21695943645603,0.09108479718228014,5.465087830936809,0.3,10.120533020253351,0.5555555555555556,2
112,2,15.674616381081355,0.07837308190540677,1.5674616381081357,0.1,15.674616381081355,1.0,2
113,0,61.940784792223255,0.3097039239611163,49.55262783377861,0.8,28.389526363102327,0.45833333333333337,0
113,1,87.15640908079995,0.43578204540399973,78.44076817271996,0.9,41.964196964829604,0.4814814814814815,0
113,2,29.531945194839675,0.14765972597419838,5.906389038967935,0.2,24.609954329033062,0.8333333333333334,2
114,0,23.156129194344746,0.11578064597172373,6.946838758303424,0.3,10.29161297526433,0.4444444444444444,2
114,1,19.726614353861528,0.09863307176930763,3.945322870772306,0.2,9.863307176930764,0.5,0
114,2,94.65512162895438,0.4732756081447719,85.18960946605894,0.9,52.58617868275243,0.5555555555555556,0
115,0,47.77220615920207,0.23886103079601034,38.21776492736166,0.8,19.90508589966753,0.41666666666666663,0
115,1,15.995998925311062,0.0799799946265553,4.798799677593318,0.3,3.5546664278469025,0.2222222222222222,2
115,2,70.25174457125954,0.35125872285629767,63.22657011413359,0.9,23.417248190419848,0.33333333333333337,2
116,0,16.172043567094516,0.08086021783547258,4.851613070128354,0.3,7.187574918708673,0.4444444444444444,2
116,1,25.049693547795748,0.12524846773897874,5.00993870955915,0.2,25.049693547795748,1.0,2
116,2,92.75456727991873,0.46377283639959366,92.75456727991873,1.0,40.19364582129812,0.43333333333333335,0
117,0,71.01041629542962,0.3550520814771481,63.90937466588666,0.9,21.040123346793962,0.2962962962962963,0
117,1,77.86351644224266,0.38931758221121326,62.290813153794126,0.8,32.443131850934435,0.41666666666666663,2
117,2,19.165509496891715,0.09582754748445858,1.9165509496891717,0.1,12.777006331261145,0.6666666666666667,2
118,0,44.66404528313552,0.22332022641567761,13.399213584940656,0.3,34.738701886883184,0.7777777777777778,0
118,1,13.713514636529304,0.06856757318264652,2.742702927305861,0.2,2.2855857727548834,0.16666666666666663,0
118,2,46.73602024368637,0.23368010121843186,14.020806073105911,0.3,31.15734682912425,0.6666666666666667,0
119,1,3.1780662544453793,0.015890331272226898,0.31780662544453797,0.1,0.0,0.0,0
119,2,9.496502859963694,0.04748251429981847,2.848950857989108,0.3,3.165500953321232,0.33333333333333337,0
120,0,84.49147091367016,0.42245735456835076,76.04232382230315,0.9,37.551764850520065,0.4444444444444444,0
120,1,108.85371054690938,0.5442685527345469,108.85371054690938,1.0,65.31222632814563,0.6,0
120,2,126.94047533639521,0.634702376681976,114.24642780275569,0.9,84.62698355759682,0.6666666666666667,0
121,0,21.047037764393743,0.10523518882196871,4.209407552878749,0.2,14.03135850959583,0.6666666666666667,2
121,1,105.18774786636146,0.5259387393318073,94.66897307972532,0.9,70.12516524424099,0.6666666666666667,0
121,2,117.23289609587931,0.5861644804793965,117.23289609587931,1.0,62.52421125113563,0.5333333333333333,0
122,0,7.940562610446971,0.03970281305223486,1.5881125220893944,0.2,2.646854203482324,0.33333333333333337,2
122,1,120.028350795963,0.600141753979815,120.028350795963,1.0,64.0151204245136,0.5333333333333333,0
122,2,92.16755444624518,0.4608377722312259,92.16755444624518,1.0,39.93927359337291,0.43333333333333335,2
123,0,125.68429085925288,0.6284214542962644,125.68429085925288,1.0,75.41057451555173,0.6,2
123,2,45.85924328959168,0.22929621644795842,36.68739463167335,0.8,13.375612626130906,0.29166666666666663,2
124,0,93.55017872877904,0.4677508936438952,84.19516085590114,0.9,48.50750008158914,0.5185185185185186,2
124,2,125.03531033791134,0.6251765516895567,125.03531033791134,1.0,83.35687355860757,0.6666666666666667,2
125,0,1.5646246375467345,0.007823123187733672,0.15646246375467346,0.1,0.5215415458489115,0.33333333333333337,2
125,1,94.63221472871666,0.4731610736435833,85.168993255845,0.9,49.0685557852605,0.5185185185185186,2
125,2,18.123309605242316,0.09061654802621158,1.8123309605242317,0.1,12.082206403494878,0.6666666666666667,2
126,0,63.23269243070748,0.3161634621535374,50.586153944565986,0.8,26.34695517946145,0.41666666666666663,0
126,1,27.30264823646894,0.1365132411823447,2.7302648236468943,0.1,27.30264823646894,1.0,0
126,2,85.43047355846468,0.4271523677923234,85.43047355846468,1.0,39.86755432728352,0.4666666666666667,0
127,0,3.1940216970832775,0.015970108485416388,0.3194021697083278,0.1,2.1293477980555187,0.6666666666666667,2
127,1,3.1780662544453793,0.015890331272226898,0.31780662544453797,0.1,0.0,0.0,2
127,2,14.725836912188484,0.07362918456094242,2.945167382437697,0.2,7.362918456094242,0.5,2
128,0,8.14697197605288,0.0407348598802644,1.629394395210576,0.2,1.3578286626754796,0.16666666666666663,2
128,1,88.4671349549536,0.442335674774768,79.62042145945824,0.9,52.42496886219472,0.5925925925925926,2
128,2,27.111095447715744,0.13555547723857872,8.133328634314722,0.3,12.04937575454033,0.4444444444444444,2
129,0,63.04157656723674,0.3152078828361837,50.4332612537894,0.8,21.013858855745582,0.33333333333333337,2
129,1,94.69753899939356,0.4734876949969678,75.75803119951485,0.8,39.45730791641398,0.41666666666666663,2
129,2,12.879531662752326,0.06439765831376162,1.2879531662752326,0.1,8.586354441834885,0.6666666666666667,2
130,0,114.47557016810738,0.5723778508405369,103.02801315129665,0.9,72.07721084658613,0.6296296296296297,0
130,1,89.97808640795259,0.4498904320397629,71.98246912636208,0.8,44.989043203976294,0.5,0
130,2,25.765994818780907,0.12882997409390454,5.153198963756182,0.2,12.882997409390454,0.5,0
131,0,61.763634476180236,0.3088181723809012,55.58727102856221,0.9,27.45050421163566,0.4444444444444444,0
131,1,28.732932830525435,0.1436646641526272,5.746586566105087,0.2,14.366466415262718,0.5,2
132,1,120.46436602598123,0.6023218301299061,96.371492820785,0.8,95.3676231039018,0.7916666666666666,2
133,1,19.165509496891715,0.09582754748445858,1.9165509496891717,0.1,12.777006331261145,0.6666666666666667,2
134,0,7.308693762406077,0.03654346881203038,2.192608128721823,0.3,4.8724625082707185,0.6666666666666667,2
134,1,51.22355708935737,0.25611778544678687,40.9788456714859,0.8,17.074519029785794,0.33333333333333337,2
134,2,103.58007120279655,0.5179003560139828,93.2220640825169,0.9,61.38078293499054,0.5925925925925926,2
135,0,6.736650207062006,0.03368325103531003,2.0209950621186015,0.3,0.0,0.0,2
135,1,17.62781043302336,0.0881390521651168,5.288343129907008,0.3,3.917291207338524,0.2222222222222222,2
136,0,13.565965485423995,0.06782982742711997,4.069789645627198,0.3,9.043976990282664,0.6666666666666667,2
136,1,48.73513245704414,0.2436756622852207,14.62053973711324,0.3,37.90510302214544,0.7777777777777778,2
136,2,93.68897837210798,0.4684448918605399,74.95118269768639,0.8,39.03707432171166,0.41666666666666663,0
137,0,78.53427866226787,0.3926713933113393,70.68085079604109,0.9,37.81280083738823,0.4814814814814815,2
137,1,103.75830088647551,0.5187915044323775,93.38247079782796,0.9,65.32930055815125,0.6296296296296297,2
137,2,3.1940216970832775,0.015970108485416388,0.3194021697083278,0.1,2.1293477980555187,0.6666666666666667,2
138,0,4.898284406428906,0.02449142203214453,0.4898284406428906,0.1,1.6327614688096355,0.33333333333333337,0
138,1,91.81170016276175,0.4590585008138088,73.4493601302094,0.8,38.254875067817395,0.41666666666666663,0
138,2,13.231893005649589,0.06615946502824795,3.9695679016948766,0.3,5.880841335844261,0.4444444444444444,0
139,0,28.52396372920121,0.14261981864600604,8.557189118760363,0.3,9.507987909733737,0.33333333333333337,0
139,1,14.549620360038956,0.07274810180019478,2.9099240720077915,0.2,7.274810180019478,0.5,0
139,2,107.92285812711962,0.5396142906355981,107.92285812711962,1.0,57.558857667797135,0.5333333333333333,0
140,0,17.011228817626574,0.08505614408813286,3.4022457635253147,0.2,11.34081921175105,0.6666666666666667,0
140,1,9.898453628803134,0.049492268144015666,0.9898453628803134,0.1,3.2994845429343784,0.33333333333333337,0
140,2,86.73752831369802,0.4336876415684901,69.39002265095841,0.8,46.98282783658644,0.5416666666666667,0
141,0,7.471243475362822,0.03735621737681411,0.7471243475362823,0.1,2.490414491787608,0.33333333333333337,2
141,1,0.8811455897246571,0.004405727948623286,0.08811455897246571,0.1,0.2937151965748857,0.33333333333333337,2
141,2,62.87206501362442,0.3143603250681221,50.29765201089954,0.8,36.675371257947575,0.5833333333333333,2
142,0,10.513088688755284,0.05256544344377642,1.0513088688755283,0.1,3.5043628962517617,0.33333333333333337,2
142,1,95.6997508431052,0.478498754215526,76.55980067448417,0.8,63.79983389540348,0.6666666666666667,0
142,2,33.45863492004089,0.16729317460020446,10.037590476012268,0.3,26.023382715587363,0.7777777777777778,0
143,0,121.35710852762028,0.6067855426381015,109.22139767485825,0.9,76.41003129516832,0.6296296296296297,0
143,1,90.96631966374231,0.45483159831871156,72.77305573099385,0.8,49.27342315119376,0.5416666666666667,0
143,2,46.12824438006803,0.23064122190034017,36.902595504054425,0.8,9.610050912514176,0.20833333333333337,2
144,0,26.96638206833639,0.13483191034168196,5.393276413667278,0.2,17.977588045557596,0.6666666666666667,2
144,1,24.719235579421003,0.12359617789710502,7.415770673826301,0.3,8.239745193140335,0.33333333333333337,0
145,0,104.21633079881153,0.5210816539940576,93.79469771893038,0.9,54.038097451235615,0.5185185185185186,0
145,1,14.128142138208668,0.07064071069104334,4.2384426414626,0.3,9.418761425472447,0.6666666666666667,0
146,0,38.16362696395376,0.1908181348197688,11.449088089186128,0.3,21.20201497997431,0.5555555555555556,0
146,1,49.61917512470355,0.24809587562351776,14.885752537411065,0.3,27.566208402613086,0.5555555555555556,0
147,0,18.16096197840026,0.09080480989200129,5.448288593520077,0.3,10.089423321333477,0.5555555555555556,0
147,1,24.408874455079644,0.12204437227539822,4.8817748910159295,0.2,12.204437227539822,0.5,0
148,0,116.65624073274464,0.5832812036637232,116.65624073274464,1.0,69.99374443964678,0.6,0
148,1,12.435190260996006,0.06217595130498003,3.7305570782988013,0.3,4.1450634203320025,0.33333333333333337,2
149,0,107.91186235744806,0.5395593117872403,86.32948988595845,0.8,62.948586375178024,0.5833333333333333,0
150,0,30.44259670926572,0.15221298354632862,6.088519341853145,0.2,25.36883059105477,0.8333333333333334,2
150,1,32.60167414023474,0.16300837070117372,9.780502242070423,0.3,25.35685766462702,0.7777777777777778,0
151,1,128.93012987895307,0.6446506493947654,128.93012987895307,1.0,81.65574892333694,0.6333333333333333,0
152,0,3.1940216970832775,0.015970108485416388,0.3194021697083278,0.1,2.1293477980555187,0.6666666666666667,2
152,1,111.13371987855844,0.5556685993927922,111.13371987855844,1.0,62.97577459784978,0.5666666666666667,2
152,2,11.117654859668788,0.05558827429834394,1.1117654859668789,0.1,3.7058849532229297,0.33333333333333337,2
153,0,19.468241590231454,0.09734120795115726,3.893648318046291,0.2,9.734120795115727,0.5,0
154,0,106.04559462375076,0.5302279731187538,106.04559462375076,1.0,53.02279731187538,0.5,0
154,2,115.77105942806418,0.5788552971403209,104.19395348525777,0.9,72.89288926952189,0.6296296296296297,2
155,0,2.6972260542783255,0.013486130271391627,0.26972260542783255,0.1,1.7981507028522172,0.6666666666666667,2
157,1,109.64432871849374,0.5482216435924687,98.67989584664437,0.9,60.91351595471875,0.5555555555555556,0
157,2,70.65750585839129,0.35328752929195645,70.65750585839129,1.0,25.90775214807681,0.3666666666666667,2
158,0,27.305710896006367,0.13652855448003184,8.19171326880191,0.3,18.203807264004247,0.6666666666666667,2
158,1,53.067343446312414,0.26533671723156205,47.760609101681176,0.9,17.68911448210414,0.33333333333333337,2
158,2,123.75154875789228,0.6187577437894614,123.75154875789228,1.0,66.00082600420922,0.5333333333333333,2
159,0,103.29820428057877,0.5164910214028938,103.29820428057877,1.0,48.20582866427009,0.4666666666666667,2
159,2,56.93174452862499,0.284658722643125,51.23857007576249,0.9,16.868665045518515,0.2962962962962963,2
160,0,106.44522041550219,0.532226102077511,95.80069837395197,0.9,67.02106470605693,0.6296296296296297,2
160,2,103.16621646482815,0.5158310823241408,92.84959481834534,0.9,53.4935937225035,0.5185185185185186,2
161,0,109.7180729065696,0.548590364532848,109.7180729065696,1.0,65.83084374394176,0.6,2
161,1,4.032146365036932,0.02016073182518466,0.8064292730073865,0.2,2.016073182518466,0.5,2
161,2,5.111871989460126,0.02555935994730063,1.0223743978920252,0.2,3.4079146596400847,0.6666666666666667,0
162,0,78.3289048184766,0.391644524092383,70.49601433662895,0.9,40.61498768365454,0.5185185185185186,0
163,0,82.41837221786805,0.41209186108934026,65.93469777429445,0.8,51.511482636167536,0.625,0
164,0,28.872715605706997,0.14436357802853497,2.8872715605707,0.1,28.872715605706997,1.0,0
164,2,33.116526502658886,0.16558263251329441,9.934957950797665,0.3,22.077684335105925,0.6666666666666667,0
165,2,83.8636493321663,0.4193182466608315,67.09091946573305,0.8,38.43750594390956,0.45833333333333337,0
166,0,9.685407558995852,0.04842703779497926,1.9370815117991704,0.2,0.0,0.0,0
166,1,21.361954918826296,0.10680977459413148,6.408586475647889,0.3,11.867752732681277,0.5555555555555556,0
166,2,75.9927148507437,0.37996357425371846,60.79417188059496,0.8,28.497268069028884,0.375,0
167,0,104.66561842501875,0.5233280921250938,94.19905658251687,0.9,50.39455701945347,0.4814814814814815,2
167,1,15.796605184933018,0.07898302592466509,3.159321036986604,0.2,10.53107012328868,0.6666666666666667,2
167,2,63.344642014945045,0.3167232100747252,50.67571361195604,0.8,36.9510411753846,0.5833333333333333,2
168,1,96.84842132420727,0.48424210662103634,77.47873705936581,0.8,68.6009651046468,0.7083333333333333,2
168,2,108.69498562835125,0.5434749281417562,97.82548706551613,0.9,60.386103126861805,0.5555555555555556,2
169,1,28.76193294605486,0.1438096647302743,5.752386589210972,0.2,19.174621964036575,0.6666666666666667,2
169,2,46.28793984061663,0.23143969920308316,37.030351872493306,0.8,11.571984960154158,0.25,2
170,0,3.953519799481738,0.01976759899740869,0.7907039598963477,0.2,0.0,0.0,2
170,1,61.027209469527506,0.30513604734763755,48.821767575622005,0.8,25.42800394563646,0.41666666666666663,2
170,2,12.879531662752326,0.06439765831376162,1.2879531662752326,0.1,8.586354441834885,0.6666666666666667,2
171,0,44.38120940112673,0.22190604700563366,13.314362820338019,0.3,29.58747293408449,0.6666666666666667,2
171,1,121.61378248012952,0.6080689124006475,121.61378248012952,1.0,85.12964773609066,0.7,0
171,2,61.86916439474918,0.3093458219737459,49.49533151579934,0.8,23.20093664803094,0.375,0
172,1,92.93932346169848,0.4646966173084924,92.93932346169848,1.0,46.46966173084924,0.5,0
172,2,97.00811735621116,0.48504058678105577,77.60649388496893,0.8,68.71408312731623,0.7083333333333333,0
173,1,36.04947762336319,0.18024738811681595,10.814843287008957,0.3,24.032985082242128,0.6666666666666667,2
173,2,2.6972260542783255,0.013486130271391627,0.26972260542783255,0.1,1.7981507028522172,0.6666666666666667,2
174,1,120.78118785778592,0.6039059392889297,120.78118785778592,1.0,76.49475230993109,0.6333333333333333,2
174,2,74.31991301433311,0.3715995650716655,59.45593041146649,0.8,43.35328259169431,0.5833333333333333,2
175,1,102.78530767682905,0.5139265383841453,102.78530767682905,1.0,47.966476915853555,0.4666666666666667,2
175,2,14.629654215158553,0.07314827107579276,2.925930843031711,0.2,4.876551405052852,0.33333333333333337,2
176,1,67.56183021655086,0.3378091510827543,54.04946417324069,0.8,33.78091510827543,0.5,0
177,1,26.27834281424442,0.1313917140712221,5.255668562848885,0.2,13.13917140712221,0.5,2
178,1,112.78719776276436,0.5639359888138218,112.78719776276436,1.0,60.153172140140995,0.5333333333333333,2
179,0,2.2883482479416464,0.011441741239708232,0.22883482479416464,0.1,2.2883482479416464,1.0,2
180,0,47.81071491077123,0.23905357455385615,14.343214473231368,0.3,26.561508283761796,0.5555555555555556,2
181,0,56.81791767006842,0.2840895883503421,51.136125903061576,0.9,12.62620392668187,0.2222222222222222,0
182,0,88.7912624412447,0.4439563122062235,79.91213619712023,0.9,46.03991385842318,0.5185185185185186,2
182,2,138.31373475045837,0.6915686737522918,138.31373475045837,1.0,96.81961432532086,0.7,2
183,0,3.230980994925806,0.016154904974629028,0.6461961989851612,0.2,1.615490497462903,0.5,2
183,2,90.18887216815808,0.4509443608407904,90.18887216815808,1.0,33.06925312832463,0.3666666666666667,2
184,0,130.31015808733423,0.6515507904366712,130.31015808733423,1.0,86.8734387248895,0.6666666666666667,2
184,2,5.111871989460126,0.02555935994730063,1.0223743978920252,0.2,3.4079146596400847,0.6666666666666667,2
185,1,74.6880439721417,0.3734402198607085,74.6880439721417,1.0,29.87521758885668,0.4,2
185,2,105.82546059736507,0.5291273029868253,105.82546059736507,1.0,49.385214945437035,0.4666666666666667,2
186,1,6.752293031019326,0.03376146515509663,1.3504586062038653,0.2,2.250764343673109,0.33333333333333337,2
186,2,11.117654859668788,0.05558827429834394,1.1117654859668789,0.1,3.7058849532229297,0.33333333333333337,0
187,0,0.8811455897246571,0.004405727948623286,0.08811455897246571,0.1,0.2937151965748857,0.33333333333333337,0
187,2,12.72091771221835,0.06360458856109175,1.2720917712218351,0.1,12.72091771221835,1.0,0
188,2,10.235067633174648,0.05117533816587324,3.0705202899523942,0.3,0.0,0.0,0
189,1,27.30264823646894,0.1365132411823447,2.7302648236468943,0.1,27.30264823646894,1.0,0
189,2,95.3939634497984,0.476969817248992,95.3939634497984,1.0,38.15758537991936,0.4,0
190,0,1.3582840768130608,0.006791420384065304,0.13582840768130608,0.1,0.452761358937687,0.33333333333333337,0
190,1,57.974258534659306,0.28987129267329653,46.37940682772745,0.8,19.324752844886437,0.33333333333333337,0
190,2,89.87827376350756,0.44939136881753783,89.87827376350756,1.0,38.94725196418661,0.43333333333333335,0
191,0,2.6972260542783255,0.013486130271391627,0.26972260542783255,0.1,1.7981507028522172,0.6666666666666667,0
191,1,12.388251468291726,0.06194125734145863,2.4776502936583453,0.2,8.258834312194486,0.6666666666666667,0
191,2,94.95411955758279,0.4747705977879139,75.96329564606623,0.8,63.30274637172187,0.6666666666666667,0
192,1,49.94032388515955,0.24970161942579774,9.98806477703191,0.2,49.94032388515955,1.0,2
192,2,2.6972260542783255,0.013486130271391627,0.26972260542783255,0.1,1.7981507028522172,0.6666666666666667,2
193,1,115.76545979865439,0.5788272989932719,104.18891381878895,0.9,64.31414433258577,0.5555555555555556,0
193,2,49.52309316342841,0.24761546581714206,39.61847453074273,0.8,24.761546581714207,0.5,2
194,1,0.5777775550622721,0.002888887775311361,0.05777775550622721,0.1,0.0,0.0,2
194,2,9.898453628803134,0.049492268144015666,0.9898453628803134,0.1,3.2994845429343784,0.33333333333333337,2
195,1,30.947447806488963,0.15473723903244482,9.28423434194669,0.3,27.508842494656854,0.8888888888888888,2
195,2,4.2105362450879,0.021052681225439497,0.42105362450878997,0.1,0.0,0.0,0
196,0,90.36990705882307,0.45184953529411537,90.36990705882307,1.0,39.160293058823335,0.43333333333333335,0
196,1,104.82004538019439,0.5241002269009719,94.33804084217495,0.9,54.351134641582284,0.5185185185185186,0
196,2,73.59155645379549,0.36795778226897746,58.873245163036394,0.8,42.9284079313807,0.5833333333333333,2
197,0,4.471985487007844,0.022359927435039218,0.4471985487007844,0.1,0.0,0.0,2
197,2,107.60338867837582,0.5380169433918791,107.60338867837582,1.0,60.97525358441296,0.5666666666666667,2
198,0,56.26259684883463,0.28131298424417317,45.01007747906771,0.8,23.44274868701443,0.41666666666666663,2
198,2,95.08328908959875,0.4754164454479938,85.57496018063888,0.9,49.302446194606766,0.5185185185185186,2
199,0,6.710630566150515,0.033553152830752574,1.342126113230103,0.2,1.1184384276917523,0.16666666666666663,2
199,2,87.41565835008369,0.43707829175041846,87.41565835008369,1.0,34.96626334003348,0.4,0
200,0,27.31819283641067,0.13659096418205335,5.463638567282135,0.2,18.212128557607116,0.6666666666666667,2
200,1,90.06798318699602,0.4503399159349801,72.05438654959681,0.8,48.78682422628952,0.5416666666666667,2
200,2,78.7062005828154,0.393531002914077,70.83558052453387,0.9,32.0654891263322,0.40740740740740744,2
