1,0,15
2,1,16
3,2,19
4,3,18
4,585
5,0,14
6,1,17
7,2,13
8,3,7
8,461
9,0,13
10,1,17
11,2,23
12,3,11
12,371
13,0,14
14,1,14
15,2,13
16,3,4
16,713
17,0,16
18,1,16
19,2,13
20,3,6
20,438
21,0,13
22,1,19
23,2,17
24,3,12
24,471
25,0,16
26,1,20
27,2,12
28,3,17
28,396
29,0,7
30,1,23
31,2,21
32,3,15
32,513
33,0,15
34,1,14
35,2,18
36,3,7
36,271
37,0,12
38,1,18
39,2,23
40,3,8
40,647
41,0,11
42,1,17
43,2,25
44,3,12
44,409
45,0,9
46,1,16
47,2,21
48,3,8
48,494
49,0,12
50,1,12
51,2,16
52,3,12
52,614
53,0,17
54,1,17
55,2,14
56,3,11
56,530
57,0,8
58,1,16
59,2,20
60,3,10
60,257
61,0,7
62,1,14
63,2,20
64,3,10
64,621
65,0,8
66,1,20
67,2,14
68,3,9
68,722
69,0,10
70,1,17
71,2,18
72,3,9
72,739
73,0,12
74,1,13
75,2,22
76,3,11
76,732
77,0,12
78,1,25
79,2,14
80,3,5
80,677
81,0,9
82,1,15
83,2,17
84,3,13
84,933
85,0,17
86,1,14
87,2,18
88,3,9
88,477
89,0,6
90,1,18
91,2,21
92,3,10
92,770
93,0,11
94,1,20
95,2,23
96,3,6
96,752
97,0,10
98,1,21
99,2,15
100,3,14
100,581
101,0,10
102,1,19
103,2,12
104,3,17
104,840
105,0,12
106,1,23
107,2,21
108,3,14
108,522
109,0,15
110,1,15
111,2,22
112,3,8
112,424
113,0,11
114,1,18
115,2,24
116,3,13
116,403
117,0,9
118,1,16
119,2,24
120,3,11
120,149
121,0,19
122,1,21
123,2,18
124,3,6
124,583
125,0,13
126,1,15
127,2,18
128,3,9
128,803
129,0,15
130,1,19
131,2,18
132,3,12
132,462
133,0,8
134,1,14
135,2,18
136,3,13
136,858
137,0,11
138,1,15
139,2,20
140,3,13
140,736
141,0,13
142,1,12
143,2,15
144,3,11
144,596
145,0,10
146,1,15
147,2,9
148,3,8
148,789
149,0,16
150,1,18
151,2,19
152,3,15
152,313
153,0,4
154,1,18
155,2,17
156,3,13
156,846
157,0,17
158,1,10
159,2,17
160,3,13
160,208
161,0,10
162,1,12
163,2,25
164,3,12
164,316
165,0,11
166,1,12
167,2,22
168,3,9
168,361
169,0,15
170,1,17
171,2,20
172,3,11
172,246
173,0,15
174,1,13
175,2,16
176,3,15
176,657
177,0,14
178,1,18
179,2,15
180,3,9
180,450
181,0,14
182,1,15
183,2,19
184,3,12
184,353
185,0,13
186,1,15
187,2,19
188,3,16
188,763
189,0,18
190,1,19
191,2,21
192,3,17
192,355
193,0,13
194,1,10
195,2,18
196,3,12
196,446
197,0,15
198,1,15
199,2,15
200,3,8
200,800
201,0,9
202,1,12
203,2,18
204,3,15
204,457
205,0,11
206,1,15
207,2,12
208,3,11
208,614
209,0,11
210,1,21
211,2,18
212,3,15
212,508
213,0,10
214,1,17
215,2,22
216,3,9
216,745
217,0,14
218,1,14
219,2,24
220,3,9
220,774
221,0,16
222,1,15
223,2,11
224,3,7
224,504
225,0,13
226,1,17
227,2,17
228,3,12
228,271
229,0,11
230,1,19
231,2,14
232,3,13
232,386
233,0,16
234,1,12
235,2,13
236,3,14
236,407
237,0,11
238,1,13
239,2,11
240,3,11
240,573
241,0,18
242,1,19
243,2,17
244,3,11
244,581
245,0,16
246,1,18
247,2,16
248,3,5
248,390
249,0,9
250,1,23
251,2,19
252,3,9
252,285
253,0,10
254,1,22
255,2,16
256,3,6
256,491
257,0,13
258,1,19
259,2,16
260,3,10
260,751
261,0,15
262,1,14
263,2,14
264,3,11
264,579
265,0,12
266,1,12
267,2,18
268,3,9
268,579
269,0,15
270,1,10
271,2,14
272,3,15
272,327
273,0,18
274,1,15
275,2,13
276,3,9
276,560
277,0,12
278,1,27
279,2,21
280,3,12
280,52
281,0,12
282,1,15
283,2,12
284,3,8
284,782
285,0,9
286,1,20
287,2,12
288,3,8
288,504
289,0,13
290,1,13
291,2,22
292,3,17
292,383
293,0,14
294,1,20
295,2,12
296,3,11
296,436
297,0,8
298,1,19
299,2,14
300,3,9
300,426
301,0,17
302,1,16
303,2,11
304,3,14
304,430
305,0,17
306,1,21
307,2,11
308,3,8
308,440
309,0,14
310,1,11
311,2,20
312,3,10
312,486
313,0,16
314,1,17
315,2,21
316,3,10
316,294
317,0,9
318,1,17
319,2,20
320,3,14
320,814
321,0,14
322,1,18
323,2,18
324,3,4
324,589
325,0,19
326,1,17
327,2,14
328,3,9
328,373
329,0,11
330,1,21
331,2,18
332,3,15
332,575
333,0,8
334,1,16
335,2,16
336,3,12
336,605
337,0,15
338,1,16
339,2,11
340,3,9
340,350
341,0,17
342,1,7
343,2,15
344,3,15
344,815
345,0,12
346,1,11
347,2,13
348,3,14
348,720
349,0,17
350,1,12
351,2,13
352,3,13
352,370
353,0,12
354,1,13
355,2,15
356,3,10
356,1154
357,0,14
358,1,18
359,2,17
360,3,10
360,323
361,0,13
362,1,21
363,2,21
364,3,10
364,856
365,0,14
366,1,16
367,2,20
368,3,13
368,338
369,0,10
370,1,16
371,2,18
372,3,10
372,793
373,0,10
374,1,19
375,2,21
376,3,4
376,401
377,0,13
378,1,19
379,2,6
380,3,16
380,397
381,0,15
382,1,15
383,2,20
384,3,5
384,665
385,0,17
386,1,17
387,2,10
388,3,7
388,906
389,0,19
390,1,11
391,2,18
392,3,14
392,267
393,0,9
394,1,16
395,2,19
396,3,11
396,350
397,0,10
398,1,18
399,2,15
400,3,8
400,460
401,0,13
402,1,17
403,2,19
404,3,10
404,299
405,0,13
406,1,13
407,2,14
408,3,16
408,540
409,0,10
410,1,15
411,2,19
412,3,13
412,612
413,0,7
414,1,11
415,2,8
416,3,13
416,913
417,0,15
418,1,23
419,2,10
420,3,12
420,585
421,0,15
422,1,15
423,2,14
424,3,12
424,546
425,0,11
426,1,18
427,2,16
428,3,8
428,394
429,0,9
430,1,22
431,2,19
432,3,13
432,481
433,0,15
434,1,20
435,2,17
436,3,5
436,354
437,0,12
438,1,14
439,2,17
440,3,11
440,460
441,0,16
442,1,13
443,2,20
444,3,12
444,384
445,0,10
446,1,12
447,2,16
448,3,7
448,735
449,0,15
450,1,23
451,2,12
452,3,11
452,581
453,0,15
454,1,9
455,2,14
456,3,7
456,657
457,0,13
458,1,13
459,2,11
460,3,12
460,328
461,0,14
462,1,21
463,2,18
464,3,10
464,360
465,0,15
466,1,16
467,2,18
468,3,4
468,329
469,0,11
470,1,14
471,2,15
472,3,15
472,399
473,0,13
474,1,23
475,2,7
476,3,11
476,196
477,0,14
478,1,12
479,2,20
480,3,11
480,568
481,0,16
482,1,11
483,2,21
484,3,11
484,497
485,0,14
486,1,11
487,2,17
488,3,10
488,635
489,0,6
490,1,17
491,2,15
492,3,14
492,477
493,0,11
494,1,21
495,2,20
496,3,8
496,293
497,0,6
498,1,14
499,2,19
500,3,11
500,498
501,0,10
502,1,10
503,2,20
504,3,8
504,360
505,0,14
506,1,25
507,2,18
508,3,7
508,475
509,0,13
510,1,15
511,2,21
512,3,12
512,301
513,0,8
514,1,17
515,2,18
516,3,13
516,298
517,0,16
518,1,25
519,2,12
520,3,8
520,466
521,0,17
522,1,13
523,2,14
524,3,8
524,281
525,0,11
526,1,19
527,2,16
528,3,10
528,439
529,0,14
530,1,17
531,2,18
532,3,11
532,444
533,0,17
534,1,10
535,2,14
536,3,13
536,489
537,0,9
538,1,17
539,2,16
540,3,13
540,377
541,0,12
542,1,14
543,2,13
544,3,11
544,524
545,0,12
546,1,19
547,2,19
548,3,8
548,344
549,0,9
550,1,17
551,2,21
552,3,19
552,213
553,0,13
554,1,17
555,2,25
556,3,9
556,433
557,0,14
558,1,21
559,2,19
560,3,9
560,418
561,0,8
562,1,16
563,2,22
564,3,18
564,569
565,0,8
566,1,14
567,2,23
568,3,9
568,367
569,0,12
570,1,11
571,2,19
572,3,16
572,390
573,0,10
574,1,14
575,2,15
576,3,14
576,440
577,0,11
578,1,16
579,2,19
580,3,13
580,905
581,0,7
582,1,18
583,2,16
584,3,7
584,561
585,0,12
586,1,19
587,2,12
588,3,12
588,676
589,0,10
590,1,17
591,2,15
592,3,9
592,521
593,0,11
594,1,11
595,2,21
596,3,11
596,476
597,0,12
598,1,11
599,2,16
600,3,16
600,401
601,0,10
602,1,13
603,2,11
604,3,11
604,358
605,0,8
606,1,15
607,2,17
608,3,9
608,633
609,0,12
610,1,18
611,2,19
612,3,9
612,284
613,0,14
614,1,15
615,2,13
616,3,15
616,304
617,0,12
618,1,14
619,2,10
620,3,13
620,517
621,0,14
622,1,24
623,2,9
624,3,7
624,675
625,0,12
626,1,19
627,2,12
628,3,8
628,580
629,0,17
630,1,12
631,2,14
632,3,15
632,427
633,0,11
634,1,13
635,2,22
636,3,11
636,630
637,0,17
638,1,16
639,2,24
640,3,6
640,566
641,0,9
642,1,14
643,2,23
644,3,12
644,679
645,0,12
646,1,13
647,2,22
648,3,12
648,342
649,0,12
650,1,14
651,2,19
652,3,9
652,350
653,0,12
654,1,20
655,2,19
656,3,10
656,241
657,0,6
658,1,13
659,2,16
660,3,13
660,401
661,0,9
662,1,16
663,2,16
664,3,15
664,390
665,0,11
666,1,20
667,2,16
668,3,10
668,80
669,0,14
670,1,17
671,2,14
672,3,9
672,509
673,0,13
674,1,14
675,2,21
676,3,17
676,280
677,0,8
678,1,16
679,2,21
680,3,11
680,249
681,0,15
682,1,8
683,2,17
684,3,13
684,769
685,0,15
686,1,22
687,2,13
688,3,7
688,743
689,0,19
690,1,16
691,2,27
692,3,13
692,571
693,0,13
694,1,24
695,2,25
696,3,8
696,507
697,0,16
698,1,18
699,2,20
700,3,8
700,429
701,0,12
702,1,21
703,2,21
704,3,8
704,715
705,0,11
706,1,16
707,2,21
708,3,11
708,429
709,0,17
710,1,19
711,2,16
712,3,8
712,603
713,0,12
714,1,14
715,2,18
716,3,11
716,337
717,0,17
718,1,19
719,2,14
720,3,10
720,814
721,0,6
722,1,22
723,2,22
724,3,8
724,434
725,0,7
726,1,8
727,2,22
728,3,9
728,441
729,0,12
730,1,14
731,2,11
732,3,7
732,502
733,0,20
734,1,18
735,2,8
736,3,6
736,572
737,0,15
738,1,18
739,2,14
740,3,7
740,595
741,0,9
742,1,18
743,2,19
744,3,12
744,288
745,0,16
746,1,15
747,2,19
748,3,9
748,510
749,0,12
750,1,12
751,2,9
752,3,8
752,154
753,0,12
754,1,14
755,2,17
756,3,9
756,249
757,0,11
758,1,19
759,2,18
760,3,12
760,371
761,0,16
762,1,15
763,2,11
764,3,13
764,480
765,0,10
766,1,10
767,2,16
768,3,12
768,550
769,0,14
770,1,13
771,2,15
772,3,9
772,813
773,0,9
774,1,13
775,2,22
776,3,9
776,951
777,0,12
778,1,16
779,2,19
780,3,13
780,233
781,0,11
782,1,21
783,2,20
784,3,6
784,299
785,0,14
786,1,17
787,2,19
788,3,10
788,277
789,0,9
790,1,19
791,2,19
792,3,14
792,694
793,0,13
794,1,18
795,2,16
796,3,13
796,685
797,0,11
798,1,21
799,2,16
800,3,7
800,417
801,0,18
802,1,15
803,2,17
804,3,7
804,918
805,0,8
806,1,19
807,2,18
808,3,14
808,483
809,0,13
810,1,23
811,2,16
812,3,14
812,365
813,0,12
814,1,21
815,2,14
816,3,12
816,358
817,0,18
818,1,13
819,2,29
820,3,8
820,317
821,0,9
822,1,16
823,2,13
824,3,10
824,435
825,0,8
826,1,19
827,2,18
828,3,14
828,181
829,0,14
830,1,16
831,2,15
832,3,12
832,430
833,0,9
834,1,16
835,2,14
836,3,9
836,377
837,0,10
838,1,14
839,2,20
840,3,16
840,111
841,0,10
842,1,20
843,2,13
844,3,14
844,233
845,0,15
846,1,17
847,2,18
848,3,12
848,164
849,0,14
850,1,15
851,2,24
852,3,9
852,473
853,0,20
854,1,21
855,2,18
856,3,7
856,467
857,0,11
858,1,12
859,2,20
860,3,8
860,340
861,0,19
862,1,19
863,2,17
864,3,9
864,577
865,0,12
866,1,18
867,2,19
868,3,12
868,384
869,0,12
870,1,17
871,2,18
872,3,6
872,742
873,0,22
874,1,14
875,2,18
876,3,10
876,392
877,0,12
878,1,13
879,2,17
880,3,8
880,305
881,0,15
882,1,15
883,2,11
884,3,11
884,176
885,0,15
886,1,15
887,2,18
888,3,11
888,441
889,0,13
890,1,21
891,2,17
892,3,12
892,350
893,0,13
894,1,26
895,2,26
896,3,9
896,229
897,0,13
898,1,16
899,2,19
900,3,10
900,430
901,0,13
902,1,18
903,2,19
904,3,9
904,635
905,0,12
906,1,13
907,2,19
908,3,9
908,310
909,0,14
910,1,23
911,2,20
912,3,7
912,330
913,0,12
914,1,12
915,2,17
916,3,15
916,666
917,0,12
918,1,14
919,2,22
920,3,9
920,554
921,0,15
922,1,11
923,2,18
924,3,10
924,249
925,0,14
926,1,14
927,2,12
928,3,10
928,339
929,0,9
930,1,12
931,2,16
932,3,21
932,224
933,0,6
934,1,16
935,2,23
936,3,17
936,520
937,0,17
938,1,9
939,2,14
940,3,6
940,471
941,0,11
942,1,17
943,2,15
944,3,14
944,439
945,0,12
946,1,15
947,2,16
948,3,13
948,290
949,0,13
950,1,13
951,2,19
952,3,19
952,302
953,0,8
954,1,14
955,2,15
956,3,13
956,499
957,0,10
958,1,18
959,2,11
960,3,14
960,403
961,0,15
962,1,11
963,2,17
964,3,8
964,147
965,0,8
966,1,20
967,2,20
968,3,11
968,348
969,0,15
970,1,12
971,2,19
972,3,9
972,389
973,0,9
974,1,16
975,2,25
976,3,4
976,906
977,0,10
978,1,12
979,2,20
980,3,14
980,482
981,0,6
982,1,18
983,2,18
984,3,11
984,416
985,0,9
986,1,15
987,2,16
988,3,13
988,364
989,0,14
990,1,16
991,2,25
992,3,10
992,445
993,0,13
994,1,22
995,2,13
996,3,12
996,265
997,0,7
998,1,21
999,2,21
1000,3,6
1000,319
1001,0,10
1002,1,15
1003,2,14
1004,3,13
1004,424
1005,0,16
1006,1,10
1007,2,15
1008,3,11
1008,387
1009,0,9
1010,1,15
1011,2,14
1012,3,11
1012,434
1013,0,9
1014,1,17
1015,2,15
1016,3,13
1016,455
1017,0,12
1018,1,14
1019,2,19
1020,3,9
1020,332
1021,0,11
1022,1,23
1023,2,20
1024,3,9
1024,773
1025,0,12
1026,1,15
1027,2,18
1028,3,11
1028,361
1029,0,16
1030,1,14
1031,2,16
1032,3,6
1032,725
1033,0,9
1034,1,18
1035,2,17
1036,3,18
1036,415
1037,0,12
1038,1,14
1039,2,23
1040,3,7
1040,377
1041,0,19
1042,1,15
1043,2,13
1044,3,13
1044,162
1045,0,14
1046,1,14
1047,2,20
1048,3,7
1048,404
1049,0,14
1050,1,14
1051,2,16
1052,3,15
1052,377
1053,0,11
1054,1,27
1055,2,18
1056,3,9
1056,199
1057,0,15
1058,1,18
1059,2,15
1060,3,11
1060,240
1061,0,10
1062,1,10
1063,2,21
1064,3,11
1064,258
1065,0,10
1066,1,13
1067,2,18
1068,3,15
1068,648
1069,0,12
1070,1,15
1071,2,14
1072,3,3
1072,707
1073,0,15
1074,1,12
1075,2,20
1076,3,11
1076,479
1077,0,14
1078,1,18
1079,2,15
1080,3,11
1080,399
1081,0,13
1082,1,12
1083,2,16
1084,3,7
1084,363
1085,0,8
1086,1,11
1087,2,20
1088,3,12
1088,441
1089,0,15
1090,1,11
1091,2,19
1092,3,10
1092,178
1093,0,8
1094,1,24
1095,2,22
1096,3,12
1096,256
1097,0,9
1098,1,24
1099,2,19
1100,3,9
1100,331
1101,0,17
1102,1,12
1103,2,19
1104,3,10
1104,404
1105,0,20
1106,1,12
1107,2,24
1108,3,8
1108,492
1109,0,14
1110,1,15
1111,2,12
1112,3,15
1112,366
1113,0,13
1114,1,15
1115,2,12
1116,3,13
1116,424
1117,0,12
1118,1,14
1119,2,12
1120,3,9
1120,436
1121,0,12
1122,1,12
1123,2,23
1124,3,11
1124,688
1125,0,16
1126,1,19
1127,2,18
1128,3,6
1128,304
1129,0,13
1130,1,14
1131,2,23
1132,3,14
1132,335
1133,0,9
1134,1,23
1135,2,19
1136,3,12
1136,305
1137,0,15
1138,1,14
1139,2,12
1140,3,9
1140,349
1141,0,17
1142,1,13
1143,2,23
1144,3,7
1144,626
1145,0,15
1146,1,14
1147,2,16
1148,3,7
1148,818
1149,0,11
1150,1,14
1151,2,17
1152,3,11
1152,306
1153,0,11
1154,1,21
1155,2,13
1156,3,10
1156,787
1157,0,14
1158,1,18
1159,2,14
1160,3,10
1160,110
1161,0,13
1162,1,20
1163,2,17
1164,3,7
1164,398
1165,0,14
1166,1,17
1167,2,14
1168,3,10
1168,313
1169,0,15
1170,1,15
1171,2,17
1172,3,17
1172,181
1173,0,11
1174,1,11
1175,2,18
1176,3,13
1176,183
1177,0,10
1178,1,18
1179,2,19
1180,3,5
1180,284
1181,0,13
1182,1,15
1183,2,21
1184,3,8
1184,412
1185,0,9
1186,1,13
1187,2,18
1188,3,12
1188,497
1189,0,8
1190,1,11
1191,2,23
1192,3,14
1192,221
1193,0,12
1194,1,19
1195,2,19
1196,3,18
1196,557
1197,0,13
1198,1,17
1199,2,20
1200,3,7
1200,387
1201,0,11
1202,1,18
1203,2,21
1204,3,9
1204,302
1205,0,13
1206,1,17
1207,2,19
1208,3,12
1208,187
1209,0,13
1210,1,9
1211,2,18
1212,3,13
1212,166
1213,0,12
1214,1,14
1215,2,20
1216,3,14
1216,196
1217,0,13
1218,1,13
1219,2,22
1220,3,13
1220,184
1221,0,15
1222,1,15
1223,2,16
1224,3,14
1224,214
1225,0,11
1226,1,17
1227,2,19
1228,3,8
1228,583
1229,0,15
1230,1,16
1231,2,17
1232,3,7
1232,330
1233,0,15
1234,1,19
1235,2,16
1236,3,8
1236,234
1237,0,8
1238,1,15
1239,2,18
1240,3,12
1240,177
1241,0,20
1242,1,16
1243,2,15
1244,3,13
1244,316
1245,0,16
1246,1,16
1247,2,19
1248,3,7
1248,457
1249,0,7
1250,1,18
1251,2,21
1252,3,11
1252,636
1253,0,16
1254,1,15
1255,2,11
1256,3,12
1256,140
1257,0,7
1258,1,17
1259,2,19
1260,3,16
1260,518
1261,0,10
1262,1,17
1263,2,16
1264,3,10
1264,163
1265,0,10
1266,1,11
1267,2,23
1268,3,10
1268,246
1269,0,14
1270,1,10
1271,2,16
1272,3,12
1272,240
1273,0,10
1274,1,11
1275,2,22
1276,3,15
1276,537
1277,0,12
1278,1,8
1279,2,21
1280,3,17
1280,368
1281,0,15
1282,1,14
1283,2,19
1284,3,10
1284,375
1285,0,11
1286,1,22
1287,2,20
1288,3,11
1288,543
1289,0,16
1290,1,15
1291,2,15
1292,3,10
1292,238
1293,0,15
1294,1,17
1295,2,17
1296,3,9
1296,488
1297,0,12
1298,1,17
1299,2,14
1300,3,11
1300,457
1301,0,2
1302,1,12
1303,2,22
1304,3,9
1304,225
1305,0,11
1306,1,18
1307,2,19
1308,3,14
1308,288
1309,0,6
1310,1,16
1311,2,16
1312,3,12
1312,351
1313,0,14
1314,1,12
1315,2,24
1316,3,11
1316,326
1317,0,11
1318,1,22
1319,2,23
1320,3,5
1320,357
1321,0,12
1322,1,14
1323,2,15
1324,3,8
1324,392
1325,0,13
1326,1,18
1327,2,17
1328,3,11
1328,269
1329,0,10
1330,1,23
1331,2,17
1332,3,6
1332,446
1333,0,12
1334,1,11
1335,2,24
1336,3,12
1336,165
1337,0,13
1338,1,13
1339,2,13
1340,3,8
1340,175
1341,0,17
1342,1,16
1343,2,14
1344,3,9
1344,163
1345,0,15
1346,1,12
1347,2,15
1348,3,13
1348,208
1349,0,14
1350,1,11
1351,2,15
1352,3,6
1352,218
1353,0,11
1354,1,19
1355,2,16
1356,3,9
1356,238
1357,0,16
1358,1,15
1359,2,12
1360,3,16
1360,210
1361,0,16
1362,1,20
1363,2,14
1364,3,10
1364,275
1365,0,13
1366,1,13
1367,2,18
1368,3,11
1368,455
1369,0,13
1370,1,19
1371,2,17
1372,3,11
1372,188
1373,0,16
1374,1,17
1375,2,32
1376,3,13
1376,235
1377,0,18
1378,1,14
1379,2,10
1380,3,12
1380,158
1381,0,16
1382,1,24
1383,2,18
1384,3,10
1384,696
1385,0,8
1386,1,12
1387,2,15
1388,3,12
1388,587
1389,0,14
1390,1,12
1391,2,20
1392,3,10
1392,477
1393,0,9
1394,1,18
1395,2,20
1396,3,14
1396,249
1397,0,15
1398,1,17
1399,2,19
1400,3,6
1400,519
1401,0,17
1402,1,11
1403,2,21
1404,3,10
1404,315
1405,0,13
1406,1,16
1407,2,13
1408,3,10
1408,299
1409,0,11
1410,1,10
1411,2,16
1412,3,10
1412,550
1413,0,12
1414,1,13
1415,2,20
1416,3,6
1416,791
1417,0,9
1418,1,20
1419,2,22
1420,3,9
1420,504
1421,0,13
1422,1,15
1423,2,23
1424,3,9
1424,610
1425,0,10
1426,1,17
1427,2,15
1428,3,11
1428,139
1429,0,5
1430,1,19
1431,2,13
1432,3,12
1432,388
1433,0,9
1434,1,19
1435,2,15
1436,3,22
1436,178
1437,0,17
1438,1,12
1439,2,22
1440,3,13
1440,287
1441,0,13
1442,1,22
1443,2,16
1444,3,8
1444,477
1445,0,10
1446,1,13
1447,2,17
1448,3,13
1448,415
1449,0,14
1450,1,17
1451,2,16
1452,3,12
1452,221
1453,0,7
1454,1,21
1455,2,14
1456,3,9
1456,687
1457,0,14
1458,1,14
1459,2,16
1460,3,13
1460,399
1461,0,6
1462,1,15
1463,2,16
1464,3,15
1464,777
1465,0,11
1466,1,16
1467,2,19
1468,3,8
1468,362
1469,0,11
1470,1,12
1471,2,15
1472,3,10
1472,454
1473,0,17
1474,1,19
1475,2,13
1476,3,8
1476,347
1477,0,15
1478,1,29
1479,2,19
1480,3,11
1480,113
1481,0,14
1482,1,18
1483,2,11
1484,3,10
1484,166
1485,0,12
1486,1,9
1487,2,21
1488,3,12
1488,477
1489,0,12
1490,1,14
1491,2,22
1492,3,8
1492,194
1493,0,9
1494,1,19
1495,2,13
1496,3,13
1496,415
1497,0,10
1498,1,16
1499,2,22
1500,3,10
1500,221
1501,0,5
1502,1,18
1503,2,18
1504,3,10
1504,339
1505,0,6
1506,1,16
1507,2,20
1508,3,8
1508,732
1509,0,14
1510,1,17
1511,2,24
1512,3,12
1512,378
1513,0,8
1514,1,18
1515,2,15
1516,3,9
1516,405
1517,0,12
1518,1,9
1519,2,23
1520,3,17
1520,246
1521,0,5
1522,1,16
1523,2,22
1524,3,12
1524,295
1525,0,17
1526,1,15
1527,2,23
1528,3,11
1528,221
1529,0,5
1530,1,14
1531,2,16
1532,3,12
1532,317
1533,0,12
1534,1,16
1535,2,14
1536,3,14
1536,588
1537,0,13
1538,1,17
1539,2,15
1540,3,10
1540,472
1541,0,8
1542,1,13
1543,2,18
1544,3,13
1544,375
1545,0,9
1546,1,21
1547,2,18
1548,3,9
1548,401
1549,0,12
1550,1,13
1551,2,20
1552,3,13
1552,86
1553,0,11
1554,1,11
1555,2,20
1556,3,3
1556,543
1557,0,9
1558,1,16
1559,2,15
1560,3,14
1560,185
1561,0,7
1562,1,17
1563,2,21
1564,3,14
1564,492
1565,0,13
1566,1,18
1567,2,22
1568,3,6
1568,173
1569,0,9
1570,1,20
1571,2,13
1572,3,7
1572,329
1573,0,18
1574,1,15
1575,2,18
1576,3,9
1576,257
1577,0,12
1578,1,16
1579,2,16
1580,3,12
1580,72
1581,0,15
1582,1,17
1583,2,19
1584,3,10
1584,232
1585,0,15
1586,1,12
1587,2,18
1588,3,7
1588,404
1589,0,9
1590,1,10
1591,2,19
1592,3,9
1592,75
1593,0,14
1594,1,14
1595,2,15
1596,3,10
1596,331
1597,0,14
1598,1,14
1599,2,15
1600,3,10
1600,355
1601,0,11
1602,1,18
1603,2,24
1604,3,7
1604,371
1605,0,10
1606,1,16
1607,2,20
1608,3,8
1608,436
1609,0,13
1610,1,12
1611,2,16
1612,3,11
1612,137
1613,0,12
1614,1,13
1615,2,13
1616,3,11
1616,250
1617,0,16
1618,1,11
1619,2,18
1620,3,11
1620,162
1621,0,12
1622,1,12
1623,2,20
1624,3,19
1624,50
1625,0,11
1626,1,16
1627,2,20
1628,3,6
1628,146
1629,0,11
1630,1,20
1631,2,18
1632,3,7
1632,367
1633,0,11
1634,1,15
1635,2,13
1636,3,11
1636,367
1637,0,8
1638,1,14
1639,2,18
1640,3,9
1640,355
1641,0,8
1642,1,16
1643,2,17
1644,3,6
1644,606
1645,0,11
1646,1,13
1647,2,12
1648,3,11
1648,228
1649,0,10
1650,1,16
1651,2,15
1652,3,10
1652,401
1653,0,10
1654,1,15
1655,2,15
1656,3,10
1656,241
1657,0,12
1658,1,14
1659,2,12
1660,3,10
1660,315
1661,0,13
1662,1,13
1663,2,16
1664,3,7
1664,660
1665,0,15
1666,1,19
1667,2,10
1668,3,8
1668,260
1669,0,13
1670,1,12
1671,2,14
1672,3,12
1672,243
1673,0,14
1674,1,13
1675,2,14
1676,3,19
1676,176
1677,0,11
1678,1,12
1679,2,22
1680,3,10
1680,350
1681,0,15
1682,1,13
1683,2,21
1684,3,12
1684,214
1685,0,17
1686,1,19
1687,2,23
1688,3,12
1688,307
1689,0,15
1690,1,12
1691,2,22
1692,3,8
1692,311
1693,0,15
1694,1,17
1695,2,11
1696,3,14
1696,346
1697,0,9
1698,1,17
1699,2,20
1700,3,11
1700,272
1701,0,9
1702,1,19
1703,2,13
1704,3,11
1704,328
1705,0,10
1706,1,13
1707,2,13
1708,3,11
1708,165
1709,0,10
1710,1,14
1711,2,18
1712,3,14
1712,576
1713,0,8
1714,1,15
1715,2,24
1716,3,10
1716,156
1717,0,10
1718,1,15
1719,2,16
1720,3,7
1720,258
1721,0,17
1722,1,20
1723,2,5
1724,3,13
1724,300
1725,0,20
1726,1,13
1727,2,18
1728,3,8
1728,353
1729,0,12
1730,1,15
1731,2,19
1732,3,11
1732,340
1733,0,14
1734,1,13
1735,2,17
1736,3,13
1736,321
1737,0,5
1738,1,14
1739,2,18
1740,3,12
1740,400
1741,0,14
1742,1,15
1743,2,22
1744,3,4
1744,484
1745,0,11
1746,1,12
1747,2,14
1748,3,4
1748,501
1749,0,12
1750,1,11
1751,2,19
1752,3,9
1752,529
1753,0,16
1754,1,17
1755,2,21
1756,3,4
1756,377
1757,0,12
1758,1,16
1759,2,22
1760,3,9
1760,531
1761,0,12
1762,1,17
1763,2,14
1764,3,11
1764,510
1765,0,16
1766,1,17
1767,2,13
1768,3,18
1768,235
1769,0,7
1770,1,14
1771,2,18
1772,3,4
1772,373
1773,0,14
1774,1,10
1775,2,16
1776,3,10
1776,567
1777,0,13
1778,1,12
1779,2,11
1780,3,6
1780,332
1781,0,9
1782,1,20
1783,2,19
1784,3,9
1784,211
1785,0,16
1786,1,6
1787,2,19
1788,3,7
1788,807
1789,0,15
1790,1,15
1791,2,13
1792,3,4
1792,465
1793,0,9
1794,1,15
1795,2,17
1796,3,10
1796,431
1797,0,8
1798,1,19
1799,2,17
1800,3,14
1800,272
1801,0,11
1802,1,14
1803,2,26
1804,3,5
1804,244
1805,0,13
1806,1,16
1807,2,22
1808,3,10
1808,423
1809,0,7
1810,1,19
1811,2,16
1812,3,9
1812,415
1813,0,13
1814,1,12
1815,2,13
1816,3,10
1816,335
1817,0,12
1818,1,15
1819,2,19
1820,3,9
1820,383
1821,0,7
1822,1,11
1823,2,19
1824,3,9
1824,339
1825,0,11
1826,1,17
1827,2,11
1828,3,13
1828,463
1829,0,17
1830,1,14
1831,2,18
1832,3,8
1832,520
1833,0,10
1834,1,21
1835,2,14
1836,3,10
1836,449
1837,0,18
1838,1,9
1839,2,11
1840,3,13
1840,369
1841,0,7
1842,1,7
1843,2,20
1844,3,13
1844,334
1845,0,12
1846,1,14
1847,2,23
1848,3,9
1848,153
1849,0,12
1850,1,11
1851,2,18
1852,3,11
1852,584
1853,0,9
1854,1,19
1855,2,21
1856,3,11
1856,287
1857,0,11
1858,1,12
1859,2,13
1860,3,9
1860,751
1861,0,18
1862,1,14
1863,2,19
1864,3,9
1864,426
1865,0,19
1866,1,12
1867,2,20
1868,3,7
1868,325
1869,0,13
1870,1,12
1871,2,14
1872,3,13
1872,332
1873,0,12
1874,1,18
1875,2,15
1876,3,7
1876,411
1877,0,13
1878,1,10
1879,2,23
1880,3,7
1880,152
1881,0,13
1882,1,11
1883,2,17
1884,3,10
1884,436
1885,0,9
1886,1,18
1887,2,23
1888,3,11
1888,116
1889,0,13
1890,1,17
1891,2,18
1892,3,10
1892,221
1893,0,10
1894,1,10
1895,2,23
1896,3,9
1896,451
1897,0,15
1898,1,16
1899,2,14
1900,3,14
1900,397
1901,0,7
1902,1,15
1903,2,19
1904,3,10
1904,159
1905,0,12
1906,1,12
1907,2,16
1908,3,9
1908,326
1909,0,14
1910,1,10
1911,2,18
1912,3,8
1912,260
1913,0,14
1914,1,15
1915,2,22
1916,3,9
1916,328
1917,0,12
1918,1,13
1919,2,19
1920,3,8
1920,421
1921,0,12
1922,1,15
1923,2,17
1924,3,8
1924,267
1925,0,13
1926,1,12
1927,2,22
1928,3,8
1928,125
1929,0,10
1930,1,7
1931,2,13
1932,3,9
1932,375
1933,0,12
1934,1,14
1935,2,19
1936,3,4
1936,448
1937,0,14
1938,1,15
1939,2,13
1940,3,13
1940,314
1941,0,10
1942,1,15
1943,2,12
1944,3,13
1944,182
1945,0,10
1946,1,12
1947,2,12
1948,3,13
1948,212
1949,0,15
1950,1,11
1951,2,14
1952,3,12
1952,120
1953,0,14
1954,1,12
1955,2,14
1956,3,9
1956,348
1957,0,19
1958,1,14
1959,2,15
1960,3,11
1960,278
1961,0,15
1962,1,15
1963,2,23
1964,3,4
1964,289
1965,0,16
1966,1,18
1967,2,16
1968,3,11
1968,125
1969,0,11
1970,1,15
1971,2,19
1972,3,14
1972,548
1973,0,13
1974,1,16
1975,2,19
1976,3,9
1976,272
1977,0,14
1978,1,17
1979,2,20
1980,3,8
1980,260
1981,0,7
1982,1,15
1983,2,14
1984,3,12
1984,281
1985,0,18
1986,1,6
1987,2,22
1988,3,11
1988,204
1989,0,14
1990,1,15
1991,2,20
1992,3,8
1992,390
1993,0,15
1994,1,18
1995,2,15
1996,3,6
1996,75
1997,0,14
1998,1,19
1999,2,20
2000,3,8
2000,286
2001,0,14
2002,1,20
2003,2,14
2004,3,10
2004,164
2005,0,6
2006,1,13
2007,2,15
2008,3,8
2008,261
2009,0,15
2010,1,13
2011,2,15
2012,3,9
2012,238
2013,0,10
2014,1,15
2015,2,21
2016,3,8
2016,224
2017,0,16
2018,1,6
2019,2,16
2020,3,7
2020,535
2021,0,10
2022,1,16
2023,2,11
2024,3,8
2024,278
2025,0,12
2026,1,13
2027,2,18
2028,3,7
2028,375
2029,0,15
2030,1,17
2031,2,20
2032,3,10
2032,169
2033,0,10
2034,1,19
2035,2,19
2036,3,10
2036,441
2037,0,15
2038,1,10
2039,2,21
2040,3,7
2040,282
2041,0,12
2042,1,22
2043,2,17
2044,3,5
2044,182
2045,0,12
2046,1,20
2047,2,18
2048,3,9
2048,217
2049,0,18
2050,1,15
2051,2,17
2052,3,4
2052,116
2053,0,8
2054,1,13
2055,2,15
2056,3,14
2056,343
2057,0,14
2058,1,13
2059,2,22
2060,3,4
2060,180
2061,0,13
2062,1,14
2063,2,18
2064,3,7
2064,434
2065,0,9
2066,1,17
2067,2,18
2068,3,16
2068,201
2069,0,10
2070,1,11
2071,2,20
2072,3,12
2072,174
2073,0,11
2074,1,17
2075,2,16
2076,3,10
2076,173
2077,0,13
2078,1,17
2079,2,11
2080,3,11
2080,158
2081,0,12
2082,1,14
2083,2,14
2084,3,10
2084,109
2085,0,13
2086,1,13
2087,2,18
2088,3,9
2088,165
2089,0,12
2090,1,14
2091,2,16
2092,3,10
2092,248
2093,0,15
2094,1,14
2095,2,21
2096,3,9
2096,126
2097,0,11
2098,1,21
2099,2,12
2100,3,13
2100,252
2101,0,13
2102,1,14
2103,2,17
2104,3,8
2104,150
2105,0,15
2106,1,14
2107,2,13
2108,3,12
2108,221
2109,0,11
2110,1,7
2111,2,20
2112,3,12
2112,211
2113,0,14
2114,1,14
2115,2,14
2116,3,6
2116,142
2117,0,10
2118,1,14
2119,2,15
2120,3,11
2120,398
2121,0,11
2122,1,19
2123,2,10
2124,3,5
2124,291
2125,0,11
2126,1,13
2127,2,21
2128,3,4
2128,314
2129,0,12
2130,1,14
2131,2,17
2132,3,8
2132,517
2133,0,8
2134,1,13
2135,2,17
2136,3,8
2136,218
2137,0,12
2138,1,10
2139,2,17
2140,3,18
2140,274
2141,0,3
2142,1,16
2143,2,16
2144,3,14
2144,661
2145,0,13
2146,1,11
2147,2,14
2148,3,8
2148,427
2149,0,8
2150,1,16
2151,2,24
2152,3,11
2152,512
2153,0,8
2154,1,16
2155,2,13
2156,3,13
2156,330
2157,0,11
2158,1,13
2159,2,20
2160,3,10
2160,132
2161,0,11
2162,1,23
2163,2,15
2164,3,6
2164,405
2165,0,12
2166,1,15
2167,2,15
2168,3,12
2168,84
2169,0,7
2170,1,16
2171,2,15
2172,3,10
2172,382
2173,0,13
2174,1,21
2175,2,16
2176,3,4
2176,330
2177,0,12
2178,1,10
2179,2,17
2180,3,10
2180,393
2181,0,14
2182,1,18
2183,2,16
2184,3,14
2184,301
2185,0,15
2186,1,15
2187,2,16
2188,3,3
2188,419
2189,0,10
2190,1,10
2191,2,21
2192,3,9
2192,335
2193,0,13
2194,1,10
2195,2,15
2196,3,11
2196,238
2197,0,11
2198,1,16
2199,2,13
2200,3,7
2200,389
2201,0,8
2202,1,13
2203,2,13
2204,3,12
2204,399
2205,0,14
2206,1,10
2207,2,12
2208,3,9
2208,107
2209,0,17
2210,1,13
2211,2,18
2212,3,9
2212,99
2213,0,10
2214,1,11
2215,2,17
2216,3,12
2216,205
2217,0,14
2218,1,17
2219,2,16
2220,3,11
2220,153
2221,0,12
2222,1,16
2223,2,17
2224,3,9
2224,485
2225,0,8
2226,1,11
2227,2,18
2228,3,9
2228,339
2229,0,12
2230,1,15
2231,2,16
2232,3,5
2232,205
2233,0,11
2234,1,9
2235,2,16
2236,3,12
2236,394
2237,0,13
2238,1,16
2239,2,12
2240,3,8
2240,428
2241,0,13
2242,1,12
2243,2,22
2244,3,12
2244,487
2245,0,12
2246,1,15
2247,2,18
2248,3,6
2248,103
2249,0,11
2250,1,16
2251,2,17
2252,3,9
2252,217
2253,0,13
2254,1,19
2255,2,15
2256,3,7
2256,408
2257,0,12
2258,1,19
2259,2,26
2260,3,17
2260,408
2261,0,16
2262,1,16
2263,2,11
2264,3,10
2264,221
2265,0,14
2266,1,12
2267,2,8
2268,3,14
2268,196
2269,0,19
2270,1,16
2271,2,23
2272,3,7
2272,203
2273,0,18
2274,1,15
2275,2,13
2276,3,9
2276,212
2277,0,16
2278,1,16
2279,2,18
2280,3,5
2280,384
2281,0,13
2282,1,9
2283,2,18
2284,3,11
2284,231
2285,0,15
2286,1,15
2287,2,16
2288,3,8
2288,646
2289,0,12
2290,1,7
2291,2,17
2292,3,12
2292,185
2293,0,6
2294,1,22
2295,2,12
2296,3,6
2296,180
2297,0,12
2298,1,15
2299,2,18
2300,3,9
2300,238
2301,0,8
2302,1,14
2303,2,10
2304,3,11
2304,248
2305,0,14
2306,1,22
2307,2,20
2308,3,10
2308,591
2309,0,15
2310,1,15
2311,2,16
2312,3,8
2312,152
2313,0,12
2314,1,19
2315,2,26
2316,3,9
2316,407
2317,0,12
2318,1,20
2319,2,14
2320,3,8
2320,318
2321,0,15
2322,1,18
2323,2,14
2324,3,6
2324,528
2325,0,11
2326,1,19
2327,2,13
2328,3,10
2328,352
2329,0,12
2330,1,15
2331,2,18
2332,3,9
2332,423
2333,0,9
2334,1,10
2335,2,19
2336,3,7
2336,580
2337,0,9
2338,1,18
2339,2,13
2340,3,11
2340,276
2341,0,19
2342,1,12
2343,2,21
2344,3,6
2344,599
2345,0,16
2346,1,7
2347,2,20
2348,3,9
2348,214
2349,0,12
2350,1,10
2351,2,15
2352,3,8
2352,74
2353,0,8
2354,1,15
2355,2,15
2356,3,11
2356,374
2357,0,18
2358,1,16
2359,2,9
2360,3,10
2360,216
2361,0,13
2362,1,16
2363,2,18
2364,3,5
2364,390
2365,0,9
2366,1,17
2367,2,14
2368,3,6
2368,184
2369,0,15
2370,1,10
2371,2,22
2372,3,5
2372,358
2373,0,8
2374,1,16
2375,2,11
2376,3,12
2376,266
2377,0,11
2378,1,14
2379,2,15
2380,3,10
2380,244
2381,0,8
2382,1,23
2383,2,16
2384,3,9
2384,546
2385,0,6
2386,1,11
2387,2,18
2388,3,13
2388,317
2389,0,8
2390,1,17
2391,2,14
2392,3,13
2392,496
2393,0,17
2394,1,12
2395,2,12
2396,3,13
2396,277
2397,0,11
2398,1,14
2399,2,21
2400,3,14
2400,303
2401,0,9
2402,1,15
2403,2,20
2404,3,12
2404,631
2405,0,18
2406,1,15
2407,2,19
2408,3,8
2408,158
2409,0,12
2410,1,11
2411,2,16
2412,3,11
2412,235
2413,0,11
2414,1,10
2415,2,18
2416,3,8
2416,212
2417,0,12
2418,1,17
2419,2,15
2420,3,12
2420,324
2421,0,11
2422,1,15
2423,2,13
2424,3,7
2424,137
2425,0,13
2426,1,18
2427,2,16
2428,3,10
2428,184
2429,0,17
2430,1,23
2431,2,15
2432,3,7
2432,139
2433,0,9
2434,1,17
2435,2,19
2436,3,10
2436,361
2437,0,11
2438,1,12
2439,2,15
2440,3,14
2440,166
2441,0,12
2442,1,14
2443,2,12
2444,3,13
2444,91
2445,0,7
2446,1,21
2447,2,11
2448,3,14
2448,218
2449,0,15
2450,1,17
2451,2,21
2452,3,5
2452,476
2453,0,7
2454,1,17
2455,2,13
2456,3,17
2456,206
2457,0,9
2458,1,16
2459,2,13
2460,3,11
2460,85
2461,0,5
2462,1,19
2463,2,15
2464,3,13
2464,143
2465,0,11
2466,1,16
2467,2,22
2468,3,8
2468,216
2469,0,15
2470,1,18
2471,2,17
2472,3,9
2472,87
2473,0,11
2474,1,19
2475,2,15
2476,3,8
2476,202
2477,0,13
2478,1,13
2479,2,16
2480,3,13
2480,304
2481,0,6
2482,1,11
2483,2,13
2484,3,7
2484,515
2485,0,12
2486,1,17
2487,2,15
2488,3,9
2488,174
2489,0,12
2490,1,12
2491,2,13
2492,3,16
2492,247
2493,0,14
2494,1,14
2495,2,17
2496,3,15
2496,384
2497,0,9
2498,1,15
2499,2,18
2500,3,5
2500,329
2501,0,16
2502,1,12
2503,2,22
2504,3,10
2504,269
2505,0,11
2506,1,21
2507,2,20
2508,3,14
2508,542
2509,0,14
2510,1,16
2511,2,21
2512,3,9
2512,276
2513,0,12
2514,1,12
2515,2,25
2516,3,10
2516,410
2517,0,14
2518,1,17
2519,2,15
2520,3,6
2520,343
2521,0,16
2522,1,18
2523,2,8
2524,3,6
2524,392
2525,0,10
2526,1,13
2527,2,19
2528,3,16
2528,295
2529,0,9
2530,1,16
2531,2,17
2532,3,5
2532,395
2533,0,10
2534,1,22
2535,2,17
2536,3,11
2536,288
2537,0,13
2538,1,13
2539,2,17
2540,3,11
2540,183
2541,0,9
2542,1,20
2543,2,15
2544,3,10
2544,438
2545,0,13
2546,1,12
2547,2,23
2548,3,5
2548,130
2549,0,9
2550,1,20
2551,2,15
2552,3,4
2552,325
2553,0,16
2554,1,14
2555,2,9
2556,3,6
2556,346
2557,0,9
2558,1,19
2559,2,21
2560,3,14
2560,343
2561,0,14
2562,1,15
2563,2,22
2564,3,10
2564,173
2565,0,8
2566,1,11
2567,2,6
2568,3,15
2568,310
2569,0,15
2570,1,11
2571,2,18
2572,3,10
2572,289
2573,0,7
2574,1,17
2575,2,21
2576,3,11
2576,48
2577,0,16
2578,1,14
2579,2,15
2580,3,7
2580,288
2581,0,9
2582,1,10
2583,2,14
2584,3,12
2584,275
2585,0,8
2586,1,12
2587,2,12
2588,3,17
2588,75
2589,0,20
2590,1,10
2591,2,11
2592,3,9
2592,255
2593,0,5
2594,1,14
2595,2,13
2596,3,8
2596,149
2597,0,11
2598,1,18
2599,2,18
2600,3,4
2600,70
2601,0,10
2602,1,12
2603,2,13
2604,3,12
2604,104
2605,0,19
2606,1,10
2607,2,22
2608,3,9
2608,98
2609,0,15
2610,1,15
2611,2,17
2612,3,9
2612,657
2613,0,11
2614,1,17
2615,2,13
2616,3,7
2616,177
2617,0,17
2618,1,12
2619,2,20
2620,3,11
2620,366
2621,0,11
2622,1,15
2623,2,17
2624,3,9
2624,164
2625,0,13
2626,1,19
2627,2,16
2628,3,4
2628,136
2629,0,13
2630,1,16
2631,2,9
2632,3,14
2632,17
2633,0,12
2634,1,14
2635,2,19
2636,3,9
2636,238
2637,0,16
2638,1,13
2639,2,20
2640,3,8
2640,346
2641,0,7
2642,1,20
2643,2,11
2644,3,12
2644,475
2645,0,9
2646,1,22
2647,2,21
2648,3,9
2648,97
2649,0,10
2650,1,18
2651,2,20
2652,3,15
2652,482
2653,0,5
2654,1,17
2655,2,16
2656,3,7
2656,130
2657,0,9
2658,1,14
2659,2,18
2660,3,11
2660,641
2661,0,13
2662,1,17
2663,2,12
2664,3,5
2664,419
2665,0,14
2666,1,17
2667,2,19
2668,3,7
2668,312
2669,0,7
2670,1,13
2671,2,13
2672,3,9
2672,287
2673,0,14
2674,1,16
2675,2,21
2676,3,5
2676,371
2677,0,10
2678,1,16
2679,2,18
2680,3,8
2680,316
2681,0,11
2682,1,10
2683,2,18
2684,3,12
2684,55
2685,0,12
2686,1,19
2687,2,20
2688,3,12
2688,181
2689,0,8
2690,1,17
2691,2,16
2692,3,10
2692,414
2693,0,15
2694,1,16
2695,2,11
2696,3,10
2696,337
2697,0,13
2698,1,24
2699,2,14
2700,3,8
2700,221
2701,0,13
2702,1,13
2703,2,11
2704,3,11
2704,311
2705,0,9
2706,1,18
2707,2,13
2708,3,7
2708,314
2709,0,13
2710,1,14
2711,2,19
2712,3,12
2712,401
2713,0,13
2714,1,12
2715,2,18
2716,3,10
2716,315
2717,0,17
2718,1,14
2719,2,15
2720,3,11
2720,156
2721,0,18
2722,1,11
2723,2,14
2724,3,9
2724,220
2725,0,13
2726,1,22
2727,2,19
2728,3,11
2728,219
2729,0,9
2730,1,14
2731,2,11
2732,3,10
2732,439
2733,0,13
2734,1,14
2735,2,13
2736,3,7
2736,406
2737,0,14
2738,1,8
2739,2,22
2740,3,8
2740,97
2741,0,16
2742,1,14
2743,2,18
2744,3,10
2744,78
2745,0,13
2746,1,16
2747,2,14
2748,3,14
2748,52
2749,0,7
2750,1,15
2751,2,13
2752,3,8
2752,84
2753,0,16
2754,1,16
2755,2,20
2756,3,8
2756,229
2757,0,7
2758,1,18
2759,2,17
2760,3,8
2760,329
2761,0,11
2762,1,17
2763,2,11
2764,3,6
2764,391
2765,0,12
2766,1,12
2767,2,15
2768,3,12
2768,275
2769,0,11
2770,1,15
2771,2,18
2772,3,10
2772,402
2773,0,6
2774,1,17
2775,2,24
2776,3,12
2776,294
2777,0,13
2778,1,18
2779,2,15
2780,3,9
2780,75
2781,0,11
2782,1,16
2783,2,13
2784,3,12
2784,346
2785,0,13
2786,1,9
2787,2,17
2788,3,9
2788,809
2789,0,11
2790,1,11
2791,2,20
2792,3,12
2792,574
2793,0,12
2794,1,17
2795,2,16
2796,3,8
2796,1
2797,0,11
2798,1,11
2799,2,15
2800,3,9
2800,457
2801,0,10
2802,1,16
2803,2,14
2804,3,12
2804,323
2805,0,19
2806,1,18
2807,2,18
2808,3,11
2808,116
2809,0,14
2810,1,15
2811,2,16
2812,3,7
2812,351
2813,0,11
2814,1,15
2815,2,12
2816,3,9
2816,296
2817,0,10
2818,1,20
2819,2,13
2820,3,9
2820,346
2821,0,12
2822,1,15
2823,2,15
2824,3,11
2824,122
2825,0,8
2826,1,18
2827,2,22
2828,3,8
2828,221
2829,0,15
2830,1,15
2831,2,14
2832,3,8
2832,224
2833,0,14
2834,1,15
2835,2,13
2836,3,8
2836,549
2837,0,8
2838,1,13
2839,2,15
2840,3,12
2840,104
2841,0,12
2842,1,16
2843,2,12
2844,3,12
2844,312
2845,0,13
2846,1,12
2847,2,18
2848,3,9
2848,283
2849,0,12
2850,1,14
2851,2,18
2852,3,13
2852,118
2853,0,7
2854,1,15
2855,2,16
2856,3,8
2856,242
2857,0,14
2858,1,11
2859,2,19
2860,3,11
2860,100
2861,0,12
2862,1,9
2863,2,12
2864,3,8
2864,110
2865,0,8
2866,1,19
2867,2,25
2868,3,5
2868,208
2869,0,9
2870,1,14
2871,2,15
2872,3,8
2872,166
2873,0,10
2874,1,16
2875,2,16
2876,3,10
2876,260
2877,0,15
2878,1,17
2879,2,19
2880,3,15
2880,104
2881,0,9
2882,1,17
2883,2,15
2884,3,10
2884,486
2885,0,9
2886,1,15
2887,2,17
2888,3,9
2888,410
2889,0,7
2890,1,15
2891,2,19
2892,3,8
2892,322
2893,0,18
2894,1,14
2895,2,13
2896,3,7
2896,144
2897,0,8
2898,1,15
2899,2,12
2900,3,13
2900,61
2901,0,15
2902,1,18
2903,2,24
2904,3,5
2904,515
2905,0,14
2906,1,14
2907,2,12
2908,3,7
2908,165
2909,0,14
2910,1,17
2911,2,13
2912,3,9
2912,141
2913,0,11
2914,1,12
2915,2,19
2916,3,9
2916,258
2917,0,7
2918,1,15
2919,2,16
2920,3,9
2920,76
2921,0,13
2922,1,14
2923,2,19
2924,3,6
2924,53
2925,0,12
2926,1,11
2927,2,16
2928,3,9
2928,127
2929,0,11
2930,1,13
2931,2,15
2932,3,9
2932,524
2933,0,14
2934,1,10
2935,2,15
2936,3,8
2936,201
2937,0,12
2938,1,16
2939,2,9
2940,3,10
2940,12
2941,0,10
2942,1,18
2943,2,11
2944,3,11
2944,106
2945,0,12
2946,1,15
2947,2,13
2948,3,7
2948,409
2949,0,14
2950,1,17
2951,2,19
2952,3,6
2952,411
2953,0,7
2954,1,13
2955,2,18
2956,3,9
2956,88
2957,0,16
2958,1,17
2959,2,8
2960,3,6
2960,400
2961,0,14
2962,1,11
2963,2,16
2964,3,11
2964,119
2965,0,14
2966,1,11
2967,2,10
2968,3,10
2968,179
2969,0,11
2970,1,11
2971,2,8
2972,3,8
2972,264
2973,0,8
2974,1,12
2975,2,8
2976,3,14
2976,286
2977,0,13
2978,1,12
2979,2,15
2980,3,11
2980,256
2981,0,10
2982,1,14
2983,2,15
2984,3,12
2984,51
2985,0,10
2986,1,15
2987,2,23
2988,3,7
2988,234
2989,0,6
2990,1,15
2991,2,10
2992,3,15
2992,71
2993,0,10
2994,1,13
2995,2,18
2996,3,13
2996,401
2997,0,8
2998,1,13
2999,2,15
3000,3,11
3000,319
3001,0,11
3002,1,15
3003,2,21
3004,3,5
3004,35
3005,0,15
3006,1,15
3007,2,12
3008,3,7
3008,175
3009,0,12
3010,1,9
3011,2,21
3012,3,8
3012,117
3013,0,12
3014,1,14
3015,2,18
3016,3,8
3016,157
3017,0,6
3018,1,15
3019,2,21
3020,3,11
3020,484
3021,0,15
3022,1,11
3023,2,21
3024,3,12
3024,265
3025,0,11
3026,1,18
3027,2,12
3028,3,11
3028,335
3029,0,15
3030,1,9
3031,2,22
3032,3,12
3032,188
3033,0,17
3034,1,12
3035,2,11
3036,3,8
3036,254
3037,0,11
3038,1,19
3039,2,21
3040,3,7
3040,163
3041,0,4
3042,1,18
3043,2,16
3044,3,12
3044,351
3045,0,10
3046,1,13
3047,2,14
3048,3,13
3048,97
3049,0,9
3050,1,16
3051,2,18
3052,3,10
3052,274
3053,0,13
3054,1,15
3055,2,21
3056,3,6
3056,296
3057,0,15
3058,1,5
3059,2,14
3060,3,12
3060,125
3061,0,22
3062,1,16
3063,2,17
3064,3,6
3064,289
3065,0,10
3066,1,10
3067,2,11
3068,3,13
3068,473
3069,0,15
3070,1,19
3071,2,21
3072,3,6
3072,453
3073,0,11
3074,1,17
3075,2,13
3076,3,10
3076,240
3077,0,8
3078,1,11
3079,2,12
3080,3,11
3080,11
3081,0,16
3082,1,11
3083,2,19
3084,3,5
3084,299
3085,0,17
3086,1,10
3087,2,14
3088,3,6
3088,171
3089,0,7
3090,1,18
3091,2,14
3092,3,9
3092,199
3093,0,9
3094,1,12
3095,2,22
3096,3,6
3096,307
3097,0,11
3098,1,20
3099,2,14
3100,3,10
3100,116
3101,0,12
3102,1,10
3103,2,16
3104,3,8
3104,279
3105,0,18
3106,1,8
3107,2,16
3108,3,7
3108,207
3109,0,14
3110,1,14
3111,2,17
3112,3,12
3112,219
3113,0,10
3114,1,15
3115,2,11
3116,3,7
3116,101
3117,0,10
3118,1,18
3119,2,13
3120,3,11
3120,568
3121,0,14
3122,1,15
3123,2,15
3124,3,9
3124,122
3125,0,13
3126,1,12
3127,2,13
3128,3,11
3128,290
3129,0,15
3130,1,13
3131,2,19
3132,3,10
3132,123
3133,0,9
3134,1,14
3135,2,19
3136,3,11
3136,152
3137,0,14
3138,1,19
3139,2,15
3140,3,5
3140,763
3141,0,9
3142,1,14
3143,2,20
3144,3,2
3144,264
3145,0,6
3146,1,9
3147,2,14
3148,3,15
3148,347
3149,0,20
3150,1,20
3151,2,14
3152,3,13
3152,336
3153,0,14
3154,1,13
3155,2,12
3156,3,14
3156,302
3157,0,11
3158,1,13
3159,2,15
3160,3,12
3160,219
3161,0,13
3162,1,10
3163,2,21
3164,3,12
3164,84
3165,0,14
3166,1,13
3167,2,17
3168,3,8
3168,236
3169,0,8
3170,1,15
3171,2,14
3172,3,7
3172,280
3173,0,16
3174,1,17
3175,2,17
3176,3,9
3176,173
3177,0,12
3178,1,11
3179,2,25
3180,3,3
3180,220
3181,0,11
3182,1,12
3183,2,13
3184,3,11
3184,344
3185,0,9
3186,1,12
3187,2,20
3188,3,11
3188,78
3189,0,8
3190,1,10
3191,2,15
3192,3,12
3192,104
3193,0,10
3194,1,12
3195,2,15
3196,3,10
3196,11
3197,0,18
3198,1,13
3199,2,22
3200,3,9
3200,66
3201,0,14
3202,1,17
3203,2,19
3204,3,5
3204,146
3205,0,13
3206,1,12
3207,2,18
3208,3,11
3208,141
3209,0,10
3210,1,9
3211,2,22
3212,3,15
3212,160
3213,0,9
3214,1,18
3215,2,17
3216,3,8
3216,90
3217,0,9
3218,1,19
3219,2,18
3220,3,7
3220,181
3221,0,7
3222,1,12
3223,2,20
3224,3,6
3224,190
3225,0,11
3226,1,11
3227,2,12
3228,3,12
3228,290
3229,0,8
3230,1,12
3231,2,15
3232,3,10
3232,269
3233,0,9
3234,1,17
3235,2,18
3236,3,11
3236,463
3237,0,9
3238,1,15
3239,2,13
3240,3,7
3240,225
3241,0,5
3242,1,16
3243,2,18
3244,3,6
3244,443
3245,0,10
3246,1,15
3247,2,18
3248,3,11
3248,51
3249,0,8
3250,1,12
3251,2,14
3252,3,8
3252,328
3253,0,6
3254,1,18
3255,2,14
3256,3,11
3256,175
3257,0,11
3258,1,16
3259,2,13
3260,3,8
3260,171
3261,0,7
3262,1,12
3263,2,20
3264,3,10
3264,42
3265,0,10
3266,1,10
3267,2,18
3268,3,11
3268,113
3269,0,9
3270,1,16
3271,2,23
3272,3,8
3272,100
3273,0,11
3274,1,12
3275,2,24
3276,3,11
3276,94
3277,0,14
3278,1,10
3279,2,16
3280,3,12
3280,282
3281,0,9
3282,1,12
3283,2,17
3284,3,11
3284,47
3285,0,15
3286,1,15
3287,2,21
3288,3,6
3288,383
3289,0,14
3290,1,9
3291,2,19
3292,3,13
3292,266
3293,0,17
3294,1,11
3295,2,15
3296,3,12
3296,390
3297,0,16
3298,1,9
3299,2,17
3300,3,6
3300,159
3301,0,13
3302,1,10
3303,2,14
3304,3,13
3304,66
3305,0,11
3306,1,19
3307,2,21
3308,3,4
3308,416
3309,0,17
3310,1,9
3311,2,19
3312,3,8
3312,342
3313,0,9
3314,1,10
3315,2,18
3316,3,16
3316,114
3317,0,10
3318,1,15
3319,2,17
3320,3,9
3320,164
3321,0,9
3322,1,12
3323,2,20
3324,3,12
3324,286
3325,0,10
3326,1,16
3327,2,17
3328,3,11
3328,361
3329,0,10
3330,1,7
3331,2,18
3332,3,3
3332,106
3333,0,17
3334,1,11
3335,2,16
3336,3,5
3336,114
3337,0,10
3338,1,11
3339,2,15
3340,3,9
3340,209
3341,0,10
3342,1,16
3343,2,14
3344,3,12
3344,44
3345,0,15
3346,1,17
3347,2,16
3348,3,6
3348,291
3349,0,15
3350,1,14
3351,2,16
3352,3,13
3352,243
3353,0,11
3354,1,8
3355,2,16
3356,3,16
3356,43
3357,0,5
3358,1,15
3359,2,17
3360,3,8
3360,103
3361,0,7
3362,1,15
3363,2,16
3364,3,6
3364,274
3365,0,10
3366,1,16
3367,2,9
3368,3,7
3368,258
3369,0,11
3370,1,11
3371,2,13
3372,3,8
3372,113
3373,0,12
3374,1,28
3375,2,16
3376,3,9
3376,264
3377,0,11
3378,1,20
3379,2,20
3380,3,13
3380,369
3381,0,10
3382,1,15
3383,2,16
3384,3,8
3384,232
3385,0,14
3386,1,16
3387,2,15
3388,3,14
3388,141
3389,0,16
3390,1,12
3391,2,15
3392,3,12
3392,77
3393,0,11
3394,1,17
3395,2,17
3396,3,11
3396,124
3397,0,8
3398,1,12
3399,2,15
3400,3,10
3400,46
3401,0,9
3402,1,15
3403,2,22
3404,3,8
3404,265
3405,0,12
3406,1,18
3407,2,13
3408,3,6
3408,215
3409,0,12
3410,1,9
3411,2,15
3412,3,10
3412,298
3413,0,13
3414,1,14
3415,2,16
3416,3,10
3416,296
3417,0,13
3418,1,7
3419,2,17
3420,3,6
3420,427
3421,0,15
3422,1,15
3423,2,15
3424,3,8
3424,107
3425,0,6
3426,1,10
3427,2,17
3428,3,17
3428,288
3429,0,17
3430,1,14
3431,2,11
3432,3,11
3432,163
3433,0,13
3434,1,11
3435,2,22
3436,3,5
3436,158
3437,0,15
3438,1,10
3439,2,8
3440,3,9
3440,308
3441,0,8
3442,1,15
3443,2,15
3444,3,10
3444,229
3445,0,11
3446,1,10
3447,2,17
3448,3,8
3448,243
3449,0,10
3450,1,12
3451,2,15
3452,3,5
3452,164
3453,0,8
3454,1,12
3455,2,11
3456,3,5
3456,339
3457,0,17
3458,1,14
3459,2,7
3460,3,10
3460,257
3461,0,15
3462,1,21
3463,2,17
3464,3,9
3464,154
3465,0,9
3466,1,5
3467,2,16
3468,3,12
3468,296
3469,0,12
3470,1,19
3471,2,20
3472,3,6
3472,161
3473,0,19
3474,1,11
3475,2,15
3476,3,8
3476,87
3477,0,17
3478,1,8
3479,2,16
3480,3,15
3480,141
3481,0,8
3482,1,8
3483,2,18
3484,3,9
3484,128
3485,0,9
3486,1,9
3487,2,16
3488,3,9
3488,221
3489,0,15
3490,1,16
3491,2,22
3492,3,8
3492,168
3493,0,12
3494,1,19
3495,2,10
3496,3,11
3496,145
3497,0,13
3498,1,13
3499,2,14
3500,3,9
3500,181
3501,0,10
3502,1,19
3503,2,12
3504,3,7
3504,377
3505,0,6
3506,1,7
3507,2,11
3508,3,8
3508,81
3509,0,6
3510,1,16
3511,2,17
3512,3,6
3512,45
3513,0,14
3514,1,10
3515,2,19
3516,3,5
3516,344
3517,0,6
3518,1,11
3519,2,18
3520,3,12
3520,280
